ISO-10303-21;
HEADER;
/* Generated by software containing ST-Developer
 * from STEP Tools, Inc. (www.steptools.com) 
 */

FILE_DESCRIPTION(
/* description */ (''),
/* implementation_level */ '2;1');

FILE_NAME(
/* name */ 'BottomDMXEasy.step',
/* time_stamp */ '2026-08-04T15:13:31+02:00',
/* author */ (''),
/* organization */ (''),
/* preprocessor_version */ 'ST-DEVELOPER v20.1',
/* originating_system */ 'Autodesk Translation Framework v15.8.0.0',
/* authorisation */ '');

FILE_SCHEMA (('AUTOMOTIVE_DESIGN { 1 0 10303 214 3 1 1 }'));
ENDSEC;

DATA;
#10=MECHANICAL_DESIGN_GEOMETRIC_PRESENTATION_REPRESENTATION('',(#13),#2806);
#11=SHAPE_REPRESENTATION_RELATIONSHIP('SRR','None',#2813,#12);
#12=ADVANCED_BREP_SHAPE_REPRESENTATION('',(#14),#2805);
#13=STYLED_ITEM('',(#2822),#14);
#14=MANIFOLD_SOLID_BREP('Corps1',#1754);
#15=FACE_BOUND('',#265,.T.);
#16=FACE_BOUND('',#266,.T.);
#17=FACE_BOUND('',#267,.T.);
#18=FACE_BOUND('',#268,.T.);
#19=FACE_BOUND('',#269,.T.);
#20=FACE_BOUND('',#270,.T.);
#21=FACE_BOUND('',#271,.T.);
#22=FACE_BOUND('',#272,.T.);
#23=FACE_BOUND('',#273,.T.);
#24=FACE_BOUND('',#274,.T.);
#25=FACE_BOUND('',#275,.T.);
#26=FACE_BOUND('',#276,.T.);
#27=FACE_BOUND('',#277,.T.);
#28=FACE_BOUND('',#278,.T.);
#29=FACE_BOUND('',#279,.T.);
#30=FACE_BOUND('',#280,.T.);
#31=FACE_BOUND('',#281,.T.);
#32=FACE_BOUND('',#282,.T.);
#33=FACE_BOUND('',#283,.T.);
#34=FACE_BOUND('',#284,.T.);
#35=FACE_BOUND('',#285,.T.);
#36=FACE_BOUND('',#286,.T.);
#37=FACE_BOUND('',#287,.T.);
#38=FACE_BOUND('',#288,.T.);
#39=FACE_BOUND('',#289,.T.);
#40=FACE_BOUND('',#291,.T.);
#41=FACE_BOUND('',#292,.T.);
#42=FACE_BOUND('',#293,.T.);
#43=FACE_BOUND('',#294,.T.);
#44=FACE_BOUND('',#295,.T.);
#45=FACE_BOUND('',#296,.T.);
#46=FACE_BOUND('',#297,.T.);
#47=FACE_BOUND('',#298,.T.);
#48=FACE_BOUND('',#299,.T.);
#49=CIRCLE('',#1849,2.51435);
#50=CIRCLE('',#1850,2.51435);
#51=CIRCLE('',#1852,2.51435);
#52=CIRCLE('',#1853,2.51435);
#53=CIRCLE('',#1855,2.51435);
#54=CIRCLE('',#1856,2.51435);
#55=CIRCLE('',#1858,2.51435);
#56=CIRCLE('',#1859,2.51435);
#57=CIRCLE('',#1861,2.51435);
#58=CIRCLE('',#1862,2.51435);
#59=CIRCLE('',#1864,2.51435);
#60=CIRCLE('',#1865,2.51435);
#61=CIRCLE('',#1867,2.51435);
#62=CIRCLE('',#1868,2.51435);
#63=CIRCLE('',#1870,2.51435);
#64=CIRCLE('',#1871,2.51435);
#65=CIRCLE('',#1873,2.51435);
#66=CIRCLE('',#1874,2.51435);
#67=CYLINDRICAL_SURFACE('',#1848,2.51435);
#68=CYLINDRICAL_SURFACE('',#1851,2.51435);
#69=CYLINDRICAL_SURFACE('',#1854,2.51435);
#70=CYLINDRICAL_SURFACE('',#1857,2.51435);
#71=CYLINDRICAL_SURFACE('',#1860,2.51435);
#72=CYLINDRICAL_SURFACE('',#1863,2.51435);
#73=CYLINDRICAL_SURFACE('',#1866,2.51435);
#74=CYLINDRICAL_SURFACE('',#1869,2.51435);
#75=CYLINDRICAL_SURFACE('',#1872,2.51435);
#76=FACE_OUTER_BOUND('',#171,.T.);
#77=FACE_OUTER_BOUND('',#172,.T.);
#78=FACE_OUTER_BOUND('',#173,.T.);
#79=FACE_OUTER_BOUND('',#174,.T.);
#80=FACE_OUTER_BOUND('',#175,.T.);
#81=FACE_OUTER_BOUND('',#176,.T.);
#82=FACE_OUTER_BOUND('',#177,.T.);
#83=FACE_OUTER_BOUND('',#178,.T.);
#84=FACE_OUTER_BOUND('',#179,.T.);
#85=FACE_OUTER_BOUND('',#180,.T.);
#86=FACE_OUTER_BOUND('',#181,.T.);
#87=FACE_OUTER_BOUND('',#182,.T.);
#88=FACE_OUTER_BOUND('',#183,.T.);
#89=FACE_OUTER_BOUND('',#184,.T.);
#90=FACE_OUTER_BOUND('',#185,.T.);
#91=FACE_OUTER_BOUND('',#186,.T.);
#92=FACE_OUTER_BOUND('',#187,.T.);
#93=FACE_OUTER_BOUND('',#188,.T.);
#94=FACE_OUTER_BOUND('',#189,.T.);
#95=FACE_OUTER_BOUND('',#190,.T.);
#96=FACE_OUTER_BOUND('',#191,.T.);
#97=FACE_OUTER_BOUND('',#192,.T.);
#98=FACE_OUTER_BOUND('',#193,.T.);
#99=FACE_OUTER_BOUND('',#194,.T.);
#100=FACE_OUTER_BOUND('',#195,.T.);
#101=FACE_OUTER_BOUND('',#196,.T.);
#102=FACE_OUTER_BOUND('',#197,.T.);
#103=FACE_OUTER_BOUND('',#198,.T.);
#104=FACE_OUTER_BOUND('',#199,.T.);
#105=FACE_OUTER_BOUND('',#200,.T.);
#106=FACE_OUTER_BOUND('',#201,.T.);
#107=FACE_OUTER_BOUND('',#202,.T.);
#108=FACE_OUTER_BOUND('',#203,.T.);
#109=FACE_OUTER_BOUND('',#204,.T.);
#110=FACE_OUTER_BOUND('',#205,.T.);
#111=FACE_OUTER_BOUND('',#206,.T.);
#112=FACE_OUTER_BOUND('',#207,.T.);
#113=FACE_OUTER_BOUND('',#208,.T.);
#114=FACE_OUTER_BOUND('',#209,.T.);
#115=FACE_OUTER_BOUND('',#210,.T.);
#116=FACE_OUTER_BOUND('',#211,.T.);
#117=FACE_OUTER_BOUND('',#212,.T.);
#118=FACE_OUTER_BOUND('',#213,.T.);
#119=FACE_OUTER_BOUND('',#214,.T.);
#120=FACE_OUTER_BOUND('',#215,.T.);
#121=FACE_OUTER_BOUND('',#216,.T.);
#122=FACE_OUTER_BOUND('',#217,.T.);
#123=FACE_OUTER_BOUND('',#218,.T.);
#124=FACE_OUTER_BOUND('',#219,.T.);
#125=FACE_OUTER_BOUND('',#220,.T.);
#126=FACE_OUTER_BOUND('',#221,.T.);
#127=FACE_OUTER_BOUND('',#222,.T.);
#128=FACE_OUTER_BOUND('',#223,.T.);
#129=FACE_OUTER_BOUND('',#224,.T.);
#130=FACE_OUTER_BOUND('',#225,.T.);
#131=FACE_OUTER_BOUND('',#226,.T.);
#132=FACE_OUTER_BOUND('',#227,.T.);
#133=FACE_OUTER_BOUND('',#228,.T.);
#134=FACE_OUTER_BOUND('',#229,.T.);
#135=FACE_OUTER_BOUND('',#230,.T.);
#136=FACE_OUTER_BOUND('',#231,.T.);
#137=FACE_OUTER_BOUND('',#232,.T.);
#138=FACE_OUTER_BOUND('',#233,.T.);
#139=FACE_OUTER_BOUND('',#234,.T.);
#140=FACE_OUTER_BOUND('',#235,.T.);
#141=FACE_OUTER_BOUND('',#236,.T.);
#142=FACE_OUTER_BOUND('',#237,.T.);
#143=FACE_OUTER_BOUND('',#238,.T.);
#144=FACE_OUTER_BOUND('',#239,.T.);
#145=FACE_OUTER_BOUND('',#240,.T.);
#146=FACE_OUTER_BOUND('',#241,.T.);
#147=FACE_OUTER_BOUND('',#242,.T.);
#148=FACE_OUTER_BOUND('',#243,.T.);
#149=FACE_OUTER_BOUND('',#244,.T.);
#150=FACE_OUTER_BOUND('',#245,.T.);
#151=FACE_OUTER_BOUND('',#246,.T.);
#152=FACE_OUTER_BOUND('',#247,.T.);
#153=FACE_OUTER_BOUND('',#248,.T.);
#154=FACE_OUTER_BOUND('',#249,.T.);
#155=FACE_OUTER_BOUND('',#250,.T.);
#156=FACE_OUTER_BOUND('',#251,.T.);
#157=FACE_OUTER_BOUND('',#252,.T.);
#158=FACE_OUTER_BOUND('',#253,.T.);
#159=FACE_OUTER_BOUND('',#254,.T.);
#160=FACE_OUTER_BOUND('',#255,.T.);
#161=FACE_OUTER_BOUND('',#256,.T.);
#162=FACE_OUTER_BOUND('',#257,.T.);
#163=FACE_OUTER_BOUND('',#258,.T.);
#164=FACE_OUTER_BOUND('',#259,.T.);
#165=FACE_OUTER_BOUND('',#260,.T.);
#166=FACE_OUTER_BOUND('',#261,.T.);
#167=FACE_OUTER_BOUND('',#262,.T.);
#168=FACE_OUTER_BOUND('',#263,.T.);
#169=FACE_OUTER_BOUND('',#264,.T.);
#170=FACE_OUTER_BOUND('',#290,.T.);
#171=EDGE_LOOP('',(#1111,#1112,#1113,#1114));
#172=EDGE_LOOP('',(#1115,#1116,#1117,#1118));
#173=EDGE_LOOP('',(#1119,#1120,#1121,#1122));
#174=EDGE_LOOP('',(#1123,#1124,#1125,#1126));
#175=EDGE_LOOP('',(#1127,#1128,#1129,#1130));
#176=EDGE_LOOP('',(#1131,#1132,#1133,#1134));
#177=EDGE_LOOP('',(#1135,#1136,#1137,#1138));
#178=EDGE_LOOP('',(#1139,#1140,#1141,#1142));
#179=EDGE_LOOP('',(#1143,#1144,#1145,#1146));
#180=EDGE_LOOP('',(#1147,#1148,#1149,#1150));
#181=EDGE_LOOP('',(#1151,#1152,#1153,#1154));
#182=EDGE_LOOP('',(#1155,#1156,#1157,#1158));
#183=EDGE_LOOP('',(#1159,#1160,#1161,#1162));
#184=EDGE_LOOP('',(#1163,#1164,#1165,#1166));
#185=EDGE_LOOP('',(#1167,#1168,#1169,#1170));
#186=EDGE_LOOP('',(#1171,#1172,#1173,#1174));
#187=EDGE_LOOP('',(#1175,#1176,#1177,#1178));
#188=EDGE_LOOP('',(#1179,#1180,#1181,#1182));
#189=EDGE_LOOP('',(#1183,#1184,#1185,#1186));
#190=EDGE_LOOP('',(#1187,#1188,#1189,#1190));
#191=EDGE_LOOP('',(#1191,#1192,#1193,#1194));
#192=EDGE_LOOP('',(#1195,#1196,#1197,#1198));
#193=EDGE_LOOP('',(#1199,#1200,#1201,#1202));
#194=EDGE_LOOP('',(#1203,#1204,#1205,#1206));
#195=EDGE_LOOP('',(#1207,#1208,#1209,#1210));
#196=EDGE_LOOP('',(#1211,#1212,#1213,#1214));
#197=EDGE_LOOP('',(#1215,#1216,#1217,#1218));
#198=EDGE_LOOP('',(#1219,#1220,#1221,#1222));
#199=EDGE_LOOP('',(#1223,#1224,#1225,#1226));
#200=EDGE_LOOP('',(#1227,#1228,#1229,#1230));
#201=EDGE_LOOP('',(#1231,#1232,#1233,#1234));
#202=EDGE_LOOP('',(#1235,#1236,#1237,#1238));
#203=EDGE_LOOP('',(#1239,#1240,#1241,#1242));
#204=EDGE_LOOP('',(#1243,#1244,#1245,#1246));
#205=EDGE_LOOP('',(#1247,#1248,#1249,#1250));
#206=EDGE_LOOP('',(#1251,#1252,#1253,#1254));
#207=EDGE_LOOP('',(#1255,#1256,#1257,#1258));
#208=EDGE_LOOP('',(#1259,#1260,#1261,#1262));
#209=EDGE_LOOP('',(#1263,#1264,#1265,#1266));
#210=EDGE_LOOP('',(#1267,#1268,#1269,#1270));
#211=EDGE_LOOP('',(#1271,#1272,#1273,#1274));
#212=EDGE_LOOP('',(#1275,#1276,#1277,#1278));
#213=EDGE_LOOP('',(#1279,#1280,#1281,#1282));
#214=EDGE_LOOP('',(#1283,#1284,#1285,#1286));
#215=EDGE_LOOP('',(#1287,#1288,#1289,#1290));
#216=EDGE_LOOP('',(#1291,#1292,#1293,#1294));
#217=EDGE_LOOP('',(#1295,#1296,#1297,#1298));
#218=EDGE_LOOP('',(#1299,#1300,#1301,#1302));
#219=EDGE_LOOP('',(#1303,#1304,#1305,#1306));
#220=EDGE_LOOP('',(#1307,#1308,#1309,#1310));
#221=EDGE_LOOP('',(#1311,#1312,#1313,#1314));
#222=EDGE_LOOP('',(#1315,#1316,#1317,#1318));
#223=EDGE_LOOP('',(#1319,#1320,#1321,#1322));
#224=EDGE_LOOP('',(#1323,#1324,#1325,#1326));
#225=EDGE_LOOP('',(#1327,#1328,#1329,#1330));
#226=EDGE_LOOP('',(#1331,#1332,#1333,#1334));
#227=EDGE_LOOP('',(#1335,#1336,#1337,#1338));
#228=EDGE_LOOP('',(#1339,#1340,#1341,#1342));
#229=EDGE_LOOP('',(#1343,#1344,#1345,#1346));
#230=EDGE_LOOP('',(#1347,#1348,#1349,#1350));
#231=EDGE_LOOP('',(#1351,#1352,#1353,#1354));
#232=EDGE_LOOP('',(#1355,#1356,#1357,#1358));
#233=EDGE_LOOP('',(#1359,#1360,#1361,#1362));
#234=EDGE_LOOP('',(#1363,#1364,#1365,#1366));
#235=EDGE_LOOP('',(#1367,#1368,#1369,#1370));
#236=EDGE_LOOP('',(#1371,#1372,#1373,#1374));
#237=EDGE_LOOP('',(#1375,#1376,#1377,#1378));
#238=EDGE_LOOP('',(#1379,#1380,#1381,#1382));
#239=EDGE_LOOP('',(#1383,#1384,#1385,#1386));
#240=EDGE_LOOP('',(#1387,#1388,#1389,#1390));
#241=EDGE_LOOP('',(#1391,#1392,#1393,#1394));
#242=EDGE_LOOP('',(#1395,#1396,#1397,#1398));
#243=EDGE_LOOP('',(#1399,#1400,#1401,#1402));
#244=EDGE_LOOP('',(#1403,#1404,#1405,#1406));
#245=EDGE_LOOP('',(#1407,#1408,#1409,#1410));
#246=EDGE_LOOP('',(#1411,#1412,#1413,#1414));
#247=EDGE_LOOP('',(#1415,#1416,#1417,#1418));
#248=EDGE_LOOP('',(#1419,#1420,#1421,#1422));
#249=EDGE_LOOP('',(#1423,#1424,#1425,#1426));
#250=EDGE_LOOP('',(#1427,#1428,#1429,#1430));
#251=EDGE_LOOP('',(#1431,#1432,#1433,#1434));
#252=EDGE_LOOP('',(#1435,#1436,#1437,#1438));
#253=EDGE_LOOP('',(#1439,#1440,#1441,#1442));
#254=EDGE_LOOP('',(#1443,#1444,#1445,#1446));
#255=EDGE_LOOP('',(#1447,#1448,#1449,#1450));
#256=EDGE_LOOP('',(#1451,#1452,#1453,#1454));
#257=EDGE_LOOP('',(#1455,#1456,#1457,#1458));
#258=EDGE_LOOP('',(#1459,#1460,#1461,#1462));
#259=EDGE_LOOP('',(#1463,#1464,#1465,#1466));
#260=EDGE_LOOP('',(#1467,#1468,#1469,#1470));
#261=EDGE_LOOP('',(#1471,#1472,#1473,#1474));
#262=EDGE_LOOP('',(#1475,#1476,#1477,#1478));
#263=EDGE_LOOP('',(#1479,#1480,#1481,#1482));
#264=EDGE_LOOP('',(#1483,#1484,#1485,#1486));
#265=EDGE_LOOP('',(#1487,#1488,#1489,#1490));
#266=EDGE_LOOP('',(#1491,#1492,#1493,#1494));
#267=EDGE_LOOP('',(#1495,#1496,#1497,#1498));
#268=EDGE_LOOP('',(#1499,#1500,#1501,#1502));
#269=EDGE_LOOP('',(#1503,#1504,#1505,#1506));
#270=EDGE_LOOP('',(#1507,#1508,#1509,#1510));
#271=EDGE_LOOP('',(#1511,#1512,#1513,#1514));
#272=EDGE_LOOP('',(#1515,#1516,#1517,#1518));
#273=EDGE_LOOP('',(#1519));
#274=EDGE_LOOP('',(#1520));
#275=EDGE_LOOP('',(#1521));
#276=EDGE_LOOP('',(#1522));
#277=EDGE_LOOP('',(#1523));
#278=EDGE_LOOP('',(#1524));
#279=EDGE_LOOP('',(#1525));
#280=EDGE_LOOP('',(#1526));
#281=EDGE_LOOP('',(#1527));
#282=EDGE_LOOP('',(#1528,#1529,#1530,#1531));
#283=EDGE_LOOP('',(#1532,#1533,#1534,#1535));
#284=EDGE_LOOP('',(#1536,#1537,#1538,#1539));
#285=EDGE_LOOP('',(#1540,#1541,#1542,#1543));
#286=EDGE_LOOP('',(#1544,#1545,#1546,#1547));
#287=EDGE_LOOP('',(#1548,#1549,#1550,#1551));
#288=EDGE_LOOP('',(#1552,#1553,#1554,#1555));
#289=EDGE_LOOP('',(#1556,#1557,#1558,#1559));
#290=EDGE_LOOP('',(#1560,#1561,#1562,#1563));
#291=EDGE_LOOP('',(#1564));
#292=EDGE_LOOP('',(#1565));
#293=EDGE_LOOP('',(#1566));
#294=EDGE_LOOP('',(#1567));
#295=EDGE_LOOP('',(#1568));
#296=EDGE_LOOP('',(#1569));
#297=EDGE_LOOP('',(#1570));
#298=EDGE_LOOP('',(#1571));
#299=EDGE_LOOP('',(#1572));
#300=LINE('',#2326,#513);
#301=LINE('',#2328,#514);
#302=LINE('',#2330,#515);
#303=LINE('',#2331,#516);
#304=LINE('',#2334,#517);
#305=LINE('',#2336,#518);
#306=LINE('',#2337,#519);
#307=LINE('',#2340,#520);
#308=LINE('',#2342,#521);
#309=LINE('',#2343,#522);
#310=LINE('',#2345,#523);
#311=LINE('',#2346,#524);
#312=LINE('',#2351,#525);
#313=LINE('',#2353,#526);
#314=LINE('',#2355,#527);
#315=LINE('',#2356,#528);
#316=LINE('',#2359,#529);
#317=LINE('',#2361,#530);
#318=LINE('',#2362,#531);
#319=LINE('',#2365,#532);
#320=LINE('',#2367,#533);
#321=LINE('',#2368,#534);
#322=LINE('',#2370,#535);
#323=LINE('',#2371,#536);
#324=LINE('',#2376,#537);
#325=LINE('',#2378,#538);
#326=LINE('',#2380,#539);
#327=LINE('',#2381,#540);
#328=LINE('',#2384,#541);
#329=LINE('',#2386,#542);
#330=LINE('',#2387,#543);
#331=LINE('',#2390,#544);
#332=LINE('',#2392,#545);
#333=LINE('',#2393,#546);
#334=LINE('',#2395,#547);
#335=LINE('',#2396,#548);
#336=LINE('',#2401,#549);
#337=LINE('',#2403,#550);
#338=LINE('',#2405,#551);
#339=LINE('',#2406,#552);
#340=LINE('',#2409,#553);
#341=LINE('',#2411,#554);
#342=LINE('',#2412,#555);
#343=LINE('',#2415,#556);
#344=LINE('',#2417,#557);
#345=LINE('',#2418,#558);
#346=LINE('',#2420,#559);
#347=LINE('',#2421,#560);
#348=LINE('',#2426,#561);
#349=LINE('',#2428,#562);
#350=LINE('',#2430,#563);
#351=LINE('',#2431,#564);
#352=LINE('',#2434,#565);
#353=LINE('',#2436,#566);
#354=LINE('',#2437,#567);
#355=LINE('',#2440,#568);
#356=LINE('',#2442,#569);
#357=LINE('',#2443,#570);
#358=LINE('',#2445,#571);
#359=LINE('',#2446,#572);
#360=LINE('',#2451,#573);
#361=LINE('',#2453,#574);
#362=LINE('',#2455,#575);
#363=LINE('',#2456,#576);
#364=LINE('',#2459,#577);
#365=LINE('',#2461,#578);
#366=LINE('',#2462,#579);
#367=LINE('',#2465,#580);
#368=LINE('',#2467,#581);
#369=LINE('',#2468,#582);
#370=LINE('',#2470,#583);
#371=LINE('',#2471,#584);
#372=LINE('',#2476,#585);
#373=LINE('',#2478,#586);
#374=LINE('',#2480,#587);
#375=LINE('',#2481,#588);
#376=LINE('',#2484,#589);
#377=LINE('',#2486,#590);
#378=LINE('',#2487,#591);
#379=LINE('',#2490,#592);
#380=LINE('',#2492,#593);
#381=LINE('',#2493,#594);
#382=LINE('',#2495,#595);
#383=LINE('',#2496,#596);
#384=LINE('',#2501,#597);
#385=LINE('',#2503,#598);
#386=LINE('',#2505,#599);
#387=LINE('',#2506,#600);
#388=LINE('',#2509,#601);
#389=LINE('',#2511,#602);
#390=LINE('',#2512,#603);
#391=LINE('',#2515,#604);
#392=LINE('',#2517,#605);
#393=LINE('',#2518,#606);
#394=LINE('',#2520,#607);
#395=LINE('',#2521,#608);
#396=LINE('',#2526,#609);
#397=LINE('',#2528,#610);
#398=LINE('',#2530,#611);
#399=LINE('',#2531,#612);
#400=LINE('',#2534,#613);
#401=LINE('',#2536,#614);
#402=LINE('',#2537,#615);
#403=LINE('',#2540,#616);
#404=LINE('',#2542,#617);
#405=LINE('',#2543,#618);
#406=LINE('',#2545,#619);
#407=LINE('',#2546,#620);
#408=LINE('',#2551,#621);
#409=LINE('',#2553,#622);
#410=LINE('',#2555,#623);
#411=LINE('',#2556,#624);
#412=LINE('',#2559,#625);
#413=LINE('',#2561,#626);
#414=LINE('',#2562,#627);
#415=LINE('',#2565,#628);
#416=LINE('',#2567,#629);
#417=LINE('',#2568,#630);
#418=LINE('',#2570,#631);
#419=LINE('',#2571,#632);
#420=LINE('',#2576,#633);
#421=LINE('',#2578,#634);
#422=LINE('',#2580,#635);
#423=LINE('',#2581,#636);
#424=LINE('',#2584,#637);
#425=LINE('',#2586,#638);
#426=LINE('',#2587,#639);
#427=LINE('',#2590,#640);
#428=LINE('',#2592,#641);
#429=LINE('',#2593,#642);
#430=LINE('',#2595,#643);
#431=LINE('',#2596,#644);
#432=LINE('',#2601,#645);
#433=LINE('',#2603,#646);
#434=LINE('',#2605,#647);
#435=LINE('',#2606,#648);
#436=LINE('',#2609,#649);
#437=LINE('',#2611,#650);
#438=LINE('',#2612,#651);
#439=LINE('',#2615,#652);
#440=LINE('',#2617,#653);
#441=LINE('',#2618,#654);
#442=LINE('',#2620,#655);
#443=LINE('',#2621,#656);
#444=LINE('',#2626,#657);
#445=LINE('',#2628,#658);
#446=LINE('',#2630,#659);
#447=LINE('',#2631,#660);
#448=LINE('',#2634,#661);
#449=LINE('',#2636,#662);
#450=LINE('',#2637,#663);
#451=LINE('',#2640,#664);
#452=LINE('',#2642,#665);
#453=LINE('',#2643,#666);
#454=LINE('',#2645,#667);
#455=LINE('',#2646,#668);
#456=LINE('',#2651,#669);
#457=LINE('',#2653,#670);
#458=LINE('',#2655,#671);
#459=LINE('',#2656,#672);
#460=LINE('',#2659,#673);
#461=LINE('',#2661,#674);
#462=LINE('',#2662,#675);
#463=LINE('',#2665,#676);
#464=LINE('',#2667,#677);
#465=LINE('',#2668,#678);
#466=LINE('',#2670,#679);
#467=LINE('',#2671,#680);
#468=LINE('',#2676,#681);
#469=LINE('',#2678,#682);
#470=LINE('',#2680,#683);
#471=LINE('',#2681,#684);
#472=LINE('',#2684,#685);
#473=LINE('',#2686,#686);
#474=LINE('',#2687,#687);
#475=LINE('',#2690,#688);
#476=LINE('',#2692,#689);
#477=LINE('',#2693,#690);
#478=LINE('',#2695,#691);
#479=LINE('',#2696,#692);
#480=LINE('',#2701,#693);
#481=LINE('',#2703,#694);
#482=LINE('',#2705,#695);
#483=LINE('',#2706,#696);
#484=LINE('',#2709,#697);
#485=LINE('',#2711,#698);
#486=LINE('',#2712,#699);
#487=LINE('',#2715,#700);
#488=LINE('',#2717,#701);
#489=LINE('',#2718,#702);
#490=LINE('',#2720,#703);
#491=LINE('',#2721,#704);
#492=LINE('',#2727,#705);
#493=LINE('',#2733,#706);
#494=LINE('',#2739,#707);
#495=LINE('',#2745,#708);
#496=LINE('',#2751,#709);
#497=LINE('',#2757,#710);
#498=LINE('',#2763,#711);
#499=LINE('',#2769,#712);
#500=LINE('',#2775,#713);
#501=LINE('',#2780,#714);
#502=LINE('',#2782,#715);
#503=LINE('',#2784,#716);
#504=LINE('',#2785,#717);
#505=LINE('',#2788,#718);
#506=LINE('',#2790,#719);
#507=LINE('',#2791,#720);
#508=LINE('',#2794,#721);
#509=LINE('',#2796,#722);
#510=LINE('',#2797,#723);
#511=LINE('',#2799,#724);
#512=LINE('',#2800,#725);
#513=VECTOR('',#1885,10.);
#514=VECTOR('',#1886,10.);
#515=VECTOR('',#1887,10.);
#516=VECTOR('',#1888,10.);
#517=VECTOR('',#1891,10.);
#518=VECTOR('',#1892,10.);
#519=VECTOR('',#1893,10.);
#520=VECTOR('',#1896,10.);
#521=VECTOR('',#1897,10.);
#522=VECTOR('',#1898,10.);
#523=VECTOR('',#1901,10.);
#524=VECTOR('',#1902,10.);
#525=VECTOR('',#1907,10.);
#526=VECTOR('',#1908,10.);
#527=VECTOR('',#1909,10.);
#528=VECTOR('',#1910,10.);
#529=VECTOR('',#1913,10.);
#530=VECTOR('',#1914,10.);
#531=VECTOR('',#1915,10.);
#532=VECTOR('',#1918,10.);
#533=VECTOR('',#1919,10.);
#534=VECTOR('',#1920,10.);
#535=VECTOR('',#1923,10.);
#536=VECTOR('',#1924,10.);
#537=VECTOR('',#1929,10.);
#538=VECTOR('',#1930,10.);
#539=VECTOR('',#1931,10.);
#540=VECTOR('',#1932,10.);
#541=VECTOR('',#1935,10.);
#542=VECTOR('',#1936,10.);
#543=VECTOR('',#1937,10.);
#544=VECTOR('',#1940,10.);
#545=VECTOR('',#1941,10.);
#546=VECTOR('',#1942,10.);
#547=VECTOR('',#1945,10.);
#548=VECTOR('',#1946,10.);
#549=VECTOR('',#1951,10.);
#550=VECTOR('',#1952,10.);
#551=VECTOR('',#1953,10.);
#552=VECTOR('',#1954,10.);
#553=VECTOR('',#1957,10.);
#554=VECTOR('',#1958,10.);
#555=VECTOR('',#1959,10.);
#556=VECTOR('',#1962,10.);
#557=VECTOR('',#1963,10.);
#558=VECTOR('',#1964,10.);
#559=VECTOR('',#1967,10.);
#560=VECTOR('',#1968,10.);
#561=VECTOR('',#1973,10.);
#562=VECTOR('',#1974,10.);
#563=VECTOR('',#1975,10.);
#564=VECTOR('',#1976,10.);
#565=VECTOR('',#1979,10.);
#566=VECTOR('',#1980,10.);
#567=VECTOR('',#1981,10.);
#568=VECTOR('',#1984,10.);
#569=VECTOR('',#1985,10.);
#570=VECTOR('',#1986,10.);
#571=VECTOR('',#1989,10.);
#572=VECTOR('',#1990,10.);
#573=VECTOR('',#1995,10.);
#574=VECTOR('',#1996,10.);
#575=VECTOR('',#1997,10.);
#576=VECTOR('',#1998,10.);
#577=VECTOR('',#2001,10.);
#578=VECTOR('',#2002,10.);
#579=VECTOR('',#2003,10.);
#580=VECTOR('',#2006,10.);
#581=VECTOR('',#2007,10.);
#582=VECTOR('',#2008,10.);
#583=VECTOR('',#2011,10.);
#584=VECTOR('',#2012,10.);
#585=VECTOR('',#2017,10.);
#586=VECTOR('',#2018,10.);
#587=VECTOR('',#2019,10.);
#588=VECTOR('',#2020,10.);
#589=VECTOR('',#2023,10.);
#590=VECTOR('',#2024,10.);
#591=VECTOR('',#2025,10.);
#592=VECTOR('',#2028,10.);
#593=VECTOR('',#2029,10.);
#594=VECTOR('',#2030,10.);
#595=VECTOR('',#2033,10.);
#596=VECTOR('',#2034,10.);
#597=VECTOR('',#2039,10.);
#598=VECTOR('',#2040,10.);
#599=VECTOR('',#2041,10.);
#600=VECTOR('',#2042,10.);
#601=VECTOR('',#2045,10.);
#602=VECTOR('',#2046,10.);
#603=VECTOR('',#2047,10.);
#604=VECTOR('',#2050,10.);
#605=VECTOR('',#2051,10.);
#606=VECTOR('',#2052,10.);
#607=VECTOR('',#2055,10.);
#608=VECTOR('',#2056,10.);
#609=VECTOR('',#2061,10.);
#610=VECTOR('',#2062,10.);
#611=VECTOR('',#2063,10.);
#612=VECTOR('',#2064,10.);
#613=VECTOR('',#2067,10.);
#614=VECTOR('',#2068,10.);
#615=VECTOR('',#2069,10.);
#616=VECTOR('',#2072,10.);
#617=VECTOR('',#2073,10.);
#618=VECTOR('',#2074,10.);
#619=VECTOR('',#2077,10.);
#620=VECTOR('',#2078,10.);
#621=VECTOR('',#2083,10.);
#622=VECTOR('',#2084,10.);
#623=VECTOR('',#2085,10.);
#624=VECTOR('',#2086,10.);
#625=VECTOR('',#2089,10.);
#626=VECTOR('',#2090,10.);
#627=VECTOR('',#2091,10.);
#628=VECTOR('',#2094,10.);
#629=VECTOR('',#2095,10.);
#630=VECTOR('',#2096,10.);
#631=VECTOR('',#2099,10.);
#632=VECTOR('',#2100,10.);
#633=VECTOR('',#2105,10.);
#634=VECTOR('',#2106,10.);
#635=VECTOR('',#2107,10.);
#636=VECTOR('',#2108,10.);
#637=VECTOR('',#2111,10.);
#638=VECTOR('',#2112,10.);
#639=VECTOR('',#2113,10.);
#640=VECTOR('',#2116,10.);
#641=VECTOR('',#2117,10.);
#642=VECTOR('',#2118,10.);
#643=VECTOR('',#2121,10.);
#644=VECTOR('',#2122,10.);
#645=VECTOR('',#2127,10.);
#646=VECTOR('',#2128,10.);
#647=VECTOR('',#2129,10.);
#648=VECTOR('',#2130,10.);
#649=VECTOR('',#2133,10.);
#650=VECTOR('',#2134,10.);
#651=VECTOR('',#2135,10.);
#652=VECTOR('',#2138,10.);
#653=VECTOR('',#2139,10.);
#654=VECTOR('',#2140,10.);
#655=VECTOR('',#2143,10.);
#656=VECTOR('',#2144,10.);
#657=VECTOR('',#2149,10.);
#658=VECTOR('',#2150,10.);
#659=VECTOR('',#2151,10.);
#660=VECTOR('',#2152,10.);
#661=VECTOR('',#2155,10.);
#662=VECTOR('',#2156,10.);
#663=VECTOR('',#2157,10.);
#664=VECTOR('',#2160,10.);
#665=VECTOR('',#2161,10.);
#666=VECTOR('',#2162,10.);
#667=VECTOR('',#2165,10.);
#668=VECTOR('',#2166,10.);
#669=VECTOR('',#2171,10.);
#670=VECTOR('',#2172,10.);
#671=VECTOR('',#2173,10.);
#672=VECTOR('',#2174,10.);
#673=VECTOR('',#2177,10.);
#674=VECTOR('',#2178,10.);
#675=VECTOR('',#2179,10.);
#676=VECTOR('',#2182,10.);
#677=VECTOR('',#2183,10.);
#678=VECTOR('',#2184,10.);
#679=VECTOR('',#2187,10.);
#680=VECTOR('',#2188,10.);
#681=VECTOR('',#2193,10.);
#682=VECTOR('',#2194,10.);
#683=VECTOR('',#2195,10.);
#684=VECTOR('',#2196,10.);
#685=VECTOR('',#2199,10.);
#686=VECTOR('',#2200,10.);
#687=VECTOR('',#2201,10.);
#688=VECTOR('',#2204,10.);
#689=VECTOR('',#2205,10.);
#690=VECTOR('',#2206,10.);
#691=VECTOR('',#2209,10.);
#692=VECTOR('',#2210,10.);
#693=VECTOR('',#2215,10.);
#694=VECTOR('',#2216,10.);
#695=VECTOR('',#2217,10.);
#696=VECTOR('',#2218,10.);
#697=VECTOR('',#2221,10.);
#698=VECTOR('',#2222,10.);
#699=VECTOR('',#2223,10.);
#700=VECTOR('',#2226,10.);
#701=VECTOR('',#2227,10.);
#702=VECTOR('',#2228,10.);
#703=VECTOR('',#2231,10.);
#704=VECTOR('',#2232,10.);
#705=VECTOR('',#2239,2.5145);
#706=VECTOR('',#2246,2.5145);
#707=VECTOR('',#2253,2.5145);
#708=VECTOR('',#2260,2.5145);
#709=VECTOR('',#2267,2.5145);
#710=VECTOR('',#2274,2.5145);
#711=VECTOR('',#2281,2.5145);
#712=VECTOR('',#2288,2.5145);
#713=VECTOR('',#2295,2.5145);
#714=VECTOR('',#2300,10.);
#715=VECTOR('',#2301,10.);
#716=VECTOR('',#2302,10.);
#717=VECTOR('',#2303,10.);
#718=VECTOR('',#2306,10.);
#719=VECTOR('',#2307,10.);
#720=VECTOR('',#2308,10.);
#721=VECTOR('',#2311,10.);
#722=VECTOR('',#2312,10.);
#723=VECTOR('',#2313,10.);
#724=VECTOR('',#2316,10.);
#725=VECTOR('',#2317,10.);
#726=VERTEX_POINT('',#2324);
#727=VERTEX_POINT('',#2325);
#728=VERTEX_POINT('',#2327);
#729=VERTEX_POINT('',#2329);
#730=VERTEX_POINT('',#2333);
#731=VERTEX_POINT('',#2335);
#732=VERTEX_POINT('',#2339);
#733=VERTEX_POINT('',#2341);
#734=VERTEX_POINT('',#2349);
#735=VERTEX_POINT('',#2350);
#736=VERTEX_POINT('',#2352);
#737=VERTEX_POINT('',#2354);
#738=VERTEX_POINT('',#2358);
#739=VERTEX_POINT('',#2360);
#740=VERTEX_POINT('',#2364);
#741=VERTEX_POINT('',#2366);
#742=VERTEX_POINT('',#2374);
#743=VERTEX_POINT('',#2375);
#744=VERTEX_POINT('',#2377);
#745=VERTEX_POINT('',#2379);
#746=VERTEX_POINT('',#2383);
#747=VERTEX_POINT('',#2385);
#748=VERTEX_POINT('',#2389);
#749=VERTEX_POINT('',#2391);
#750=VERTEX_POINT('',#2399);
#751=VERTEX_POINT('',#2400);
#752=VERTEX_POINT('',#2402);
#753=VERTEX_POINT('',#2404);
#754=VERTEX_POINT('',#2408);
#755=VERTEX_POINT('',#2410);
#756=VERTEX_POINT('',#2414);
#757=VERTEX_POINT('',#2416);
#758=VERTEX_POINT('',#2424);
#759=VERTEX_POINT('',#2425);
#760=VERTEX_POINT('',#2427);
#761=VERTEX_POINT('',#2429);
#762=VERTEX_POINT('',#2433);
#763=VERTEX_POINT('',#2435);
#764=VERTEX_POINT('',#2439);
#765=VERTEX_POINT('',#2441);
#766=VERTEX_POINT('',#2449);
#767=VERTEX_POINT('',#2450);
#768=VERTEX_POINT('',#2452);
#769=VERTEX_POINT('',#2454);
#770=VERTEX_POINT('',#2458);
#771=VERTEX_POINT('',#2460);
#772=VERTEX_POINT('',#2464);
#773=VERTEX_POINT('',#2466);
#774=VERTEX_POINT('',#2474);
#775=VERTEX_POINT('',#2475);
#776=VERTEX_POINT('',#2477);
#777=VERTEX_POINT('',#2479);
#778=VERTEX_POINT('',#2483);
#779=VERTEX_POINT('',#2485);
#780=VERTEX_POINT('',#2489);
#781=VERTEX_POINT('',#2491);
#782=VERTEX_POINT('',#2499);
#783=VERTEX_POINT('',#2500);
#784=VERTEX_POINT('',#2502);
#785=VERTEX_POINT('',#2504);
#786=VERTEX_POINT('',#2508);
#787=VERTEX_POINT('',#2510);
#788=VERTEX_POINT('',#2514);
#789=VERTEX_POINT('',#2516);
#790=VERTEX_POINT('',#2524);
#791=VERTEX_POINT('',#2525);
#792=VERTEX_POINT('',#2527);
#793=VERTEX_POINT('',#2529);
#794=VERTEX_POINT('',#2533);
#795=VERTEX_POINT('',#2535);
#796=VERTEX_POINT('',#2539);
#797=VERTEX_POINT('',#2541);
#798=VERTEX_POINT('',#2549);
#799=VERTEX_POINT('',#2550);
#800=VERTEX_POINT('',#2552);
#801=VERTEX_POINT('',#2554);
#802=VERTEX_POINT('',#2558);
#803=VERTEX_POINT('',#2560);
#804=VERTEX_POINT('',#2564);
#805=VERTEX_POINT('',#2566);
#806=VERTEX_POINT('',#2574);
#807=VERTEX_POINT('',#2575);
#808=VERTEX_POINT('',#2577);
#809=VERTEX_POINT('',#2579);
#810=VERTEX_POINT('',#2583);
#811=VERTEX_POINT('',#2585);
#812=VERTEX_POINT('',#2589);
#813=VERTEX_POINT('',#2591);
#814=VERTEX_POINT('',#2599);
#815=VERTEX_POINT('',#2600);
#816=VERTEX_POINT('',#2602);
#817=VERTEX_POINT('',#2604);
#818=VERTEX_POINT('',#2608);
#819=VERTEX_POINT('',#2610);
#820=VERTEX_POINT('',#2614);
#821=VERTEX_POINT('',#2616);
#822=VERTEX_POINT('',#2624);
#823=VERTEX_POINT('',#2625);
#824=VERTEX_POINT('',#2627);
#825=VERTEX_POINT('',#2629);
#826=VERTEX_POINT('',#2633);
#827=VERTEX_POINT('',#2635);
#828=VERTEX_POINT('',#2639);
#829=VERTEX_POINT('',#2641);
#830=VERTEX_POINT('',#2649);
#831=VERTEX_POINT('',#2650);
#832=VERTEX_POINT('',#2652);
#833=VERTEX_POINT('',#2654);
#834=VERTEX_POINT('',#2658);
#835=VERTEX_POINT('',#2660);
#836=VERTEX_POINT('',#2664);
#837=VERTEX_POINT('',#2666);
#838=VERTEX_POINT('',#2674);
#839=VERTEX_POINT('',#2675);
#840=VERTEX_POINT('',#2677);
#841=VERTEX_POINT('',#2679);
#842=VERTEX_POINT('',#2683);
#843=VERTEX_POINT('',#2685);
#844=VERTEX_POINT('',#2689);
#845=VERTEX_POINT('',#2691);
#846=VERTEX_POINT('',#2699);
#847=VERTEX_POINT('',#2700);
#848=VERTEX_POINT('',#2702);
#849=VERTEX_POINT('',#2704);
#850=VERTEX_POINT('',#2708);
#851=VERTEX_POINT('',#2710);
#852=VERTEX_POINT('',#2714);
#853=VERTEX_POINT('',#2716);
#854=VERTEX_POINT('',#2724);
#855=VERTEX_POINT('',#2726);
#856=VERTEX_POINT('',#2730);
#857=VERTEX_POINT('',#2732);
#858=VERTEX_POINT('',#2736);
#859=VERTEX_POINT('',#2738);
#860=VERTEX_POINT('',#2742);
#861=VERTEX_POINT('',#2744);
#862=VERTEX_POINT('',#2748);
#863=VERTEX_POINT('',#2750);
#864=VERTEX_POINT('',#2754);
#865=VERTEX_POINT('',#2756);
#866=VERTEX_POINT('',#2760);
#867=VERTEX_POINT('',#2762);
#868=VERTEX_POINT('',#2766);
#869=VERTEX_POINT('',#2768);
#870=VERTEX_POINT('',#2772);
#871=VERTEX_POINT('',#2774);
#872=VERTEX_POINT('',#2778);
#873=VERTEX_POINT('',#2779);
#874=VERTEX_POINT('',#2781);
#875=VERTEX_POINT('',#2783);
#876=VERTEX_POINT('',#2787);
#877=VERTEX_POINT('',#2789);
#878=VERTEX_POINT('',#2793);
#879=VERTEX_POINT('',#2795);
#880=EDGE_CURVE('',#726,#727,#300,.T.);
#881=EDGE_CURVE('',#726,#728,#301,.T.);
#882=EDGE_CURVE('',#728,#729,#302,.T.);
#883=EDGE_CURVE('',#727,#729,#303,.T.);
#884=EDGE_CURVE('',#730,#726,#304,.T.);
#885=EDGE_CURVE('',#730,#731,#305,.T.);
#886=EDGE_CURVE('',#731,#728,#306,.T.);
#887=EDGE_CURVE('',#732,#730,#307,.T.);
#888=EDGE_CURVE('',#732,#733,#308,.T.);
#889=EDGE_CURVE('',#733,#731,#309,.T.);
#890=EDGE_CURVE('',#727,#732,#310,.T.);
#891=EDGE_CURVE('',#729,#733,#311,.T.);
#892=EDGE_CURVE('',#734,#735,#312,.T.);
#893=EDGE_CURVE('',#734,#736,#313,.T.);
#894=EDGE_CURVE('',#736,#737,#314,.T.);
#895=EDGE_CURVE('',#735,#737,#315,.T.);
#896=EDGE_CURVE('',#738,#734,#316,.T.);
#897=EDGE_CURVE('',#738,#739,#317,.T.);
#898=EDGE_CURVE('',#739,#736,#318,.T.);
#899=EDGE_CURVE('',#740,#738,#319,.T.);
#900=EDGE_CURVE('',#740,#741,#320,.T.);
#901=EDGE_CURVE('',#741,#739,#321,.T.);
#902=EDGE_CURVE('',#735,#740,#322,.T.);
#903=EDGE_CURVE('',#737,#741,#323,.T.);
#904=EDGE_CURVE('',#742,#743,#324,.T.);
#905=EDGE_CURVE('',#742,#744,#325,.T.);
#906=EDGE_CURVE('',#744,#745,#326,.T.);
#907=EDGE_CURVE('',#743,#745,#327,.T.);
#908=EDGE_CURVE('',#746,#742,#328,.T.);
#909=EDGE_CURVE('',#746,#747,#329,.T.);
#910=EDGE_CURVE('',#747,#744,#330,.T.);
#911=EDGE_CURVE('',#748,#746,#331,.T.);
#912=EDGE_CURVE('',#748,#749,#332,.T.);
#913=EDGE_CURVE('',#749,#747,#333,.T.);
#914=EDGE_CURVE('',#743,#748,#334,.T.);
#915=EDGE_CURVE('',#745,#749,#335,.T.);
#916=EDGE_CURVE('',#750,#751,#336,.T.);
#917=EDGE_CURVE('',#750,#752,#337,.T.);
#918=EDGE_CURVE('',#752,#753,#338,.T.);
#919=EDGE_CURVE('',#751,#753,#339,.T.);
#920=EDGE_CURVE('',#754,#750,#340,.T.);
#921=EDGE_CURVE('',#754,#755,#341,.T.);
#922=EDGE_CURVE('',#755,#752,#342,.T.);
#923=EDGE_CURVE('',#756,#754,#343,.T.);
#924=EDGE_CURVE('',#756,#757,#344,.T.);
#925=EDGE_CURVE('',#757,#755,#345,.T.);
#926=EDGE_CURVE('',#751,#756,#346,.T.);
#927=EDGE_CURVE('',#753,#757,#347,.T.);
#928=EDGE_CURVE('',#758,#759,#348,.T.);
#929=EDGE_CURVE('',#758,#760,#349,.T.);
#930=EDGE_CURVE('',#760,#761,#350,.T.);
#931=EDGE_CURVE('',#759,#761,#351,.T.);
#932=EDGE_CURVE('',#762,#758,#352,.T.);
#933=EDGE_CURVE('',#762,#763,#353,.T.);
#934=EDGE_CURVE('',#763,#760,#354,.T.);
#935=EDGE_CURVE('',#764,#762,#355,.T.);
#936=EDGE_CURVE('',#764,#765,#356,.T.);
#937=EDGE_CURVE('',#765,#763,#357,.T.);
#938=EDGE_CURVE('',#759,#764,#358,.T.);
#939=EDGE_CURVE('',#761,#765,#359,.T.);
#940=EDGE_CURVE('',#766,#767,#360,.T.);
#941=EDGE_CURVE('',#766,#768,#361,.T.);
#942=EDGE_CURVE('',#768,#769,#362,.T.);
#943=EDGE_CURVE('',#767,#769,#363,.T.);
#944=EDGE_CURVE('',#770,#766,#364,.T.);
#945=EDGE_CURVE('',#770,#771,#365,.T.);
#946=EDGE_CURVE('',#771,#768,#366,.T.);
#947=EDGE_CURVE('',#772,#770,#367,.T.);
#948=EDGE_CURVE('',#772,#773,#368,.T.);
#949=EDGE_CURVE('',#773,#771,#369,.T.);
#950=EDGE_CURVE('',#767,#772,#370,.T.);
#951=EDGE_CURVE('',#769,#773,#371,.T.);
#952=EDGE_CURVE('',#774,#775,#372,.T.);
#953=EDGE_CURVE('',#774,#776,#373,.T.);
#954=EDGE_CURVE('',#776,#777,#374,.T.);
#955=EDGE_CURVE('',#775,#777,#375,.T.);
#956=EDGE_CURVE('',#778,#774,#376,.T.);
#957=EDGE_CURVE('',#778,#779,#377,.T.);
#958=EDGE_CURVE('',#779,#776,#378,.T.);
#959=EDGE_CURVE('',#780,#778,#379,.T.);
#960=EDGE_CURVE('',#780,#781,#380,.T.);
#961=EDGE_CURVE('',#781,#779,#381,.T.);
#962=EDGE_CURVE('',#775,#780,#382,.T.);
#963=EDGE_CURVE('',#777,#781,#383,.T.);
#964=EDGE_CURVE('',#782,#783,#384,.T.);
#965=EDGE_CURVE('',#782,#784,#385,.T.);
#966=EDGE_CURVE('',#784,#785,#386,.T.);
#967=EDGE_CURVE('',#783,#785,#387,.T.);
#968=EDGE_CURVE('',#786,#782,#388,.T.);
#969=EDGE_CURVE('',#786,#787,#389,.T.);
#970=EDGE_CURVE('',#787,#784,#390,.T.);
#971=EDGE_CURVE('',#788,#786,#391,.T.);
#972=EDGE_CURVE('',#788,#789,#392,.T.);
#973=EDGE_CURVE('',#789,#787,#393,.T.);
#974=EDGE_CURVE('',#783,#788,#394,.T.);
#975=EDGE_CURVE('',#785,#789,#395,.T.);
#976=EDGE_CURVE('',#790,#791,#396,.T.);
#977=EDGE_CURVE('',#790,#792,#397,.T.);
#978=EDGE_CURVE('',#792,#793,#398,.T.);
#979=EDGE_CURVE('',#791,#793,#399,.T.);
#980=EDGE_CURVE('',#794,#790,#400,.T.);
#981=EDGE_CURVE('',#794,#795,#401,.T.);
#982=EDGE_CURVE('',#795,#792,#402,.T.);
#983=EDGE_CURVE('',#796,#794,#403,.T.);
#984=EDGE_CURVE('',#796,#797,#404,.T.);
#985=EDGE_CURVE('',#797,#795,#405,.T.);
#986=EDGE_CURVE('',#791,#796,#406,.T.);
#987=EDGE_CURVE('',#793,#797,#407,.T.);
#988=EDGE_CURVE('',#798,#799,#408,.T.);
#989=EDGE_CURVE('',#798,#800,#409,.T.);
#990=EDGE_CURVE('',#800,#801,#410,.T.);
#991=EDGE_CURVE('',#799,#801,#411,.T.);
#992=EDGE_CURVE('',#802,#798,#412,.T.);
#993=EDGE_CURVE('',#802,#803,#413,.T.);
#994=EDGE_CURVE('',#803,#800,#414,.T.);
#995=EDGE_CURVE('',#804,#802,#415,.T.);
#996=EDGE_CURVE('',#804,#805,#416,.T.);
#997=EDGE_CURVE('',#805,#803,#417,.T.);
#998=EDGE_CURVE('',#799,#804,#418,.T.);
#999=EDGE_CURVE('',#801,#805,#419,.T.);
#1000=EDGE_CURVE('',#806,#807,#420,.T.);
#1001=EDGE_CURVE('',#806,#808,#421,.T.);
#1002=EDGE_CURVE('',#808,#809,#422,.T.);
#1003=EDGE_CURVE('',#807,#809,#423,.T.);
#1004=EDGE_CURVE('',#810,#806,#424,.T.);
#1005=EDGE_CURVE('',#810,#811,#425,.T.);
#1006=EDGE_CURVE('',#811,#808,#426,.T.);
#1007=EDGE_CURVE('',#812,#810,#427,.T.);
#1008=EDGE_CURVE('',#812,#813,#428,.T.);
#1009=EDGE_CURVE('',#813,#811,#429,.T.);
#1010=EDGE_CURVE('',#807,#812,#430,.T.);
#1011=EDGE_CURVE('',#809,#813,#431,.T.);
#1012=EDGE_CURVE('',#814,#815,#432,.T.);
#1013=EDGE_CURVE('',#814,#816,#433,.T.);
#1014=EDGE_CURVE('',#816,#817,#434,.T.);
#1015=EDGE_CURVE('',#815,#817,#435,.T.);
#1016=EDGE_CURVE('',#818,#814,#436,.T.);
#1017=EDGE_CURVE('',#818,#819,#437,.T.);
#1018=EDGE_CURVE('',#819,#816,#438,.T.);
#1019=EDGE_CURVE('',#820,#818,#439,.T.);
#1020=EDGE_CURVE('',#820,#821,#440,.T.);
#1021=EDGE_CURVE('',#821,#819,#441,.T.);
#1022=EDGE_CURVE('',#815,#820,#442,.T.);
#1023=EDGE_CURVE('',#817,#821,#443,.T.);
#1024=EDGE_CURVE('',#822,#823,#444,.T.);
#1025=EDGE_CURVE('',#822,#824,#445,.T.);
#1026=EDGE_CURVE('',#824,#825,#446,.T.);
#1027=EDGE_CURVE('',#823,#825,#447,.T.);
#1028=EDGE_CURVE('',#826,#822,#448,.T.);
#1029=EDGE_CURVE('',#826,#827,#449,.T.);
#1030=EDGE_CURVE('',#827,#824,#450,.T.);
#1031=EDGE_CURVE('',#828,#826,#451,.T.);
#1032=EDGE_CURVE('',#828,#829,#452,.T.);
#1033=EDGE_CURVE('',#829,#827,#453,.T.);
#1034=EDGE_CURVE('',#823,#828,#454,.T.);
#1035=EDGE_CURVE('',#825,#829,#455,.T.);
#1036=EDGE_CURVE('',#830,#831,#456,.T.);
#1037=EDGE_CURVE('',#830,#832,#457,.T.);
#1038=EDGE_CURVE('',#832,#833,#458,.T.);
#1039=EDGE_CURVE('',#831,#833,#459,.T.);
#1040=EDGE_CURVE('',#834,#830,#460,.T.);
#1041=EDGE_CURVE('',#834,#835,#461,.T.);
#1042=EDGE_CURVE('',#835,#832,#462,.T.);
#1043=EDGE_CURVE('',#836,#834,#463,.T.);
#1044=EDGE_CURVE('',#836,#837,#464,.T.);
#1045=EDGE_CURVE('',#837,#835,#465,.T.);
#1046=EDGE_CURVE('',#831,#836,#466,.T.);
#1047=EDGE_CURVE('',#833,#837,#467,.T.);
#1048=EDGE_CURVE('',#838,#839,#468,.T.);
#1049=EDGE_CURVE('',#838,#840,#469,.T.);
#1050=EDGE_CURVE('',#840,#841,#470,.T.);
#1051=EDGE_CURVE('',#839,#841,#471,.T.);
#1052=EDGE_CURVE('',#842,#838,#472,.T.);
#1053=EDGE_CURVE('',#842,#843,#473,.T.);
#1054=EDGE_CURVE('',#843,#840,#474,.T.);
#1055=EDGE_CURVE('',#844,#842,#475,.T.);
#1056=EDGE_CURVE('',#844,#845,#476,.T.);
#1057=EDGE_CURVE('',#845,#843,#477,.T.);
#1058=EDGE_CURVE('',#839,#844,#478,.T.);
#1059=EDGE_CURVE('',#841,#845,#479,.T.);
#1060=EDGE_CURVE('',#846,#847,#480,.T.);
#1061=EDGE_CURVE('',#846,#848,#481,.T.);
#1062=EDGE_CURVE('',#848,#849,#482,.T.);
#1063=EDGE_CURVE('',#847,#849,#483,.T.);
#1064=EDGE_CURVE('',#850,#846,#484,.T.);
#1065=EDGE_CURVE('',#850,#851,#485,.T.);
#1066=EDGE_CURVE('',#851,#848,#486,.T.);
#1067=EDGE_CURVE('',#852,#850,#487,.T.);
#1068=EDGE_CURVE('',#852,#853,#488,.T.);
#1069=EDGE_CURVE('',#853,#851,#489,.T.);
#1070=EDGE_CURVE('',#847,#852,#490,.T.);
#1071=EDGE_CURVE('',#849,#853,#491,.T.);
#1072=EDGE_CURVE('',#854,#854,#49,.T.);
#1073=EDGE_CURVE('',#854,#855,#492,.T.);
#1074=EDGE_CURVE('',#855,#855,#50,.F.);
#1075=EDGE_CURVE('',#856,#856,#51,.T.);
#1076=EDGE_CURVE('',#856,#857,#493,.T.);
#1077=EDGE_CURVE('',#857,#857,#52,.F.);
#1078=EDGE_CURVE('',#858,#858,#53,.T.);
#1079=EDGE_CURVE('',#858,#859,#494,.T.);
#1080=EDGE_CURVE('',#859,#859,#54,.F.);
#1081=EDGE_CURVE('',#860,#860,#55,.T.);
#1082=EDGE_CURVE('',#860,#861,#495,.T.);
#1083=EDGE_CURVE('',#861,#861,#56,.F.);
#1084=EDGE_CURVE('',#862,#862,#57,.T.);
#1085=EDGE_CURVE('',#862,#863,#496,.T.);
#1086=EDGE_CURVE('',#863,#863,#58,.F.);
#1087=EDGE_CURVE('',#864,#864,#59,.T.);
#1088=EDGE_CURVE('',#864,#865,#497,.T.);
#1089=EDGE_CURVE('',#865,#865,#60,.F.);
#1090=EDGE_CURVE('',#866,#866,#61,.T.);
#1091=EDGE_CURVE('',#866,#867,#498,.T.);
#1092=EDGE_CURVE('',#867,#867,#62,.F.);
#1093=EDGE_CURVE('',#868,#868,#63,.T.);
#1094=EDGE_CURVE('',#868,#869,#499,.T.);
#1095=EDGE_CURVE('',#869,#869,#64,.F.);
#1096=EDGE_CURVE('',#870,#870,#65,.T.);
#1097=EDGE_CURVE('',#870,#871,#500,.T.);
#1098=EDGE_CURVE('',#871,#871,#66,.F.);
#1099=EDGE_CURVE('',#872,#873,#501,.T.);
#1100=EDGE_CURVE('',#873,#874,#502,.T.);
#1101=EDGE_CURVE('',#875,#874,#503,.T.);
#1102=EDGE_CURVE('',#872,#875,#504,.T.);
#1103=EDGE_CURVE('',#876,#872,#505,.T.);
#1104=EDGE_CURVE('',#877,#875,#506,.T.);
#1105=EDGE_CURVE('',#876,#877,#507,.T.);
#1106=EDGE_CURVE('',#878,#876,#508,.T.);
#1107=EDGE_CURVE('',#879,#877,#509,.T.);
#1108=EDGE_CURVE('',#878,#879,#510,.T.);
#1109=EDGE_CURVE('',#873,#878,#511,.T.);
#1110=EDGE_CURVE('',#874,#879,#512,.T.);
#1111=ORIENTED_EDGE('',*,*,#880,.F.);
#1112=ORIENTED_EDGE('',*,*,#881,.T.);
#1113=ORIENTED_EDGE('',*,*,#882,.T.);
#1114=ORIENTED_EDGE('',*,*,#883,.F.);
#1115=ORIENTED_EDGE('',*,*,#884,.F.);
#1116=ORIENTED_EDGE('',*,*,#885,.T.);
#1117=ORIENTED_EDGE('',*,*,#886,.T.);
#1118=ORIENTED_EDGE('',*,*,#881,.F.);
#1119=ORIENTED_EDGE('',*,*,#887,.F.);
#1120=ORIENTED_EDGE('',*,*,#888,.T.);
#1121=ORIENTED_EDGE('',*,*,#889,.T.);
#1122=ORIENTED_EDGE('',*,*,#885,.F.);
#1123=ORIENTED_EDGE('',*,*,#890,.F.);
#1124=ORIENTED_EDGE('',*,*,#883,.T.);
#1125=ORIENTED_EDGE('',*,*,#891,.T.);
#1126=ORIENTED_EDGE('',*,*,#888,.F.);
#1127=ORIENTED_EDGE('',*,*,#891,.F.);
#1128=ORIENTED_EDGE('',*,*,#882,.F.);
#1129=ORIENTED_EDGE('',*,*,#886,.F.);
#1130=ORIENTED_EDGE('',*,*,#889,.F.);
#1131=ORIENTED_EDGE('',*,*,#892,.F.);
#1132=ORIENTED_EDGE('',*,*,#893,.T.);
#1133=ORIENTED_EDGE('',*,*,#894,.T.);
#1134=ORIENTED_EDGE('',*,*,#895,.F.);
#1135=ORIENTED_EDGE('',*,*,#896,.F.);
#1136=ORIENTED_EDGE('',*,*,#897,.T.);
#1137=ORIENTED_EDGE('',*,*,#898,.T.);
#1138=ORIENTED_EDGE('',*,*,#893,.F.);
#1139=ORIENTED_EDGE('',*,*,#899,.F.);
#1140=ORIENTED_EDGE('',*,*,#900,.T.);
#1141=ORIENTED_EDGE('',*,*,#901,.T.);
#1142=ORIENTED_EDGE('',*,*,#897,.F.);
#1143=ORIENTED_EDGE('',*,*,#902,.F.);
#1144=ORIENTED_EDGE('',*,*,#895,.T.);
#1145=ORIENTED_EDGE('',*,*,#903,.T.);
#1146=ORIENTED_EDGE('',*,*,#900,.F.);
#1147=ORIENTED_EDGE('',*,*,#903,.F.);
#1148=ORIENTED_EDGE('',*,*,#894,.F.);
#1149=ORIENTED_EDGE('',*,*,#898,.F.);
#1150=ORIENTED_EDGE('',*,*,#901,.F.);
#1151=ORIENTED_EDGE('',*,*,#904,.F.);
#1152=ORIENTED_EDGE('',*,*,#905,.T.);
#1153=ORIENTED_EDGE('',*,*,#906,.T.);
#1154=ORIENTED_EDGE('',*,*,#907,.F.);
#1155=ORIENTED_EDGE('',*,*,#908,.F.);
#1156=ORIENTED_EDGE('',*,*,#909,.T.);
#1157=ORIENTED_EDGE('',*,*,#910,.T.);
#1158=ORIENTED_EDGE('',*,*,#905,.F.);
#1159=ORIENTED_EDGE('',*,*,#911,.F.);
#1160=ORIENTED_EDGE('',*,*,#912,.T.);
#1161=ORIENTED_EDGE('',*,*,#913,.T.);
#1162=ORIENTED_EDGE('',*,*,#909,.F.);
#1163=ORIENTED_EDGE('',*,*,#914,.F.);
#1164=ORIENTED_EDGE('',*,*,#907,.T.);
#1165=ORIENTED_EDGE('',*,*,#915,.T.);
#1166=ORIENTED_EDGE('',*,*,#912,.F.);
#1167=ORIENTED_EDGE('',*,*,#915,.F.);
#1168=ORIENTED_EDGE('',*,*,#906,.F.);
#1169=ORIENTED_EDGE('',*,*,#910,.F.);
#1170=ORIENTED_EDGE('',*,*,#913,.F.);
#1171=ORIENTED_EDGE('',*,*,#916,.F.);
#1172=ORIENTED_EDGE('',*,*,#917,.T.);
#1173=ORIENTED_EDGE('',*,*,#918,.T.);
#1174=ORIENTED_EDGE('',*,*,#919,.F.);
#1175=ORIENTED_EDGE('',*,*,#920,.F.);
#1176=ORIENTED_EDGE('',*,*,#921,.T.);
#1177=ORIENTED_EDGE('',*,*,#922,.T.);
#1178=ORIENTED_EDGE('',*,*,#917,.F.);
#1179=ORIENTED_EDGE('',*,*,#923,.F.);
#1180=ORIENTED_EDGE('',*,*,#924,.T.);
#1181=ORIENTED_EDGE('',*,*,#925,.T.);
#1182=ORIENTED_EDGE('',*,*,#921,.F.);
#1183=ORIENTED_EDGE('',*,*,#926,.F.);
#1184=ORIENTED_EDGE('',*,*,#919,.T.);
#1185=ORIENTED_EDGE('',*,*,#927,.T.);
#1186=ORIENTED_EDGE('',*,*,#924,.F.);
#1187=ORIENTED_EDGE('',*,*,#927,.F.);
#1188=ORIENTED_EDGE('',*,*,#918,.F.);
#1189=ORIENTED_EDGE('',*,*,#922,.F.);
#1190=ORIENTED_EDGE('',*,*,#925,.F.);
#1191=ORIENTED_EDGE('',*,*,#928,.F.);
#1192=ORIENTED_EDGE('',*,*,#929,.T.);
#1193=ORIENTED_EDGE('',*,*,#930,.T.);
#1194=ORIENTED_EDGE('',*,*,#931,.F.);
#1195=ORIENTED_EDGE('',*,*,#932,.F.);
#1196=ORIENTED_EDGE('',*,*,#933,.T.);
#1197=ORIENTED_EDGE('',*,*,#934,.T.);
#1198=ORIENTED_EDGE('',*,*,#929,.F.);
#1199=ORIENTED_EDGE('',*,*,#935,.F.);
#1200=ORIENTED_EDGE('',*,*,#936,.T.);
#1201=ORIENTED_EDGE('',*,*,#937,.T.);
#1202=ORIENTED_EDGE('',*,*,#933,.F.);
#1203=ORIENTED_EDGE('',*,*,#938,.F.);
#1204=ORIENTED_EDGE('',*,*,#931,.T.);
#1205=ORIENTED_EDGE('',*,*,#939,.T.);
#1206=ORIENTED_EDGE('',*,*,#936,.F.);
#1207=ORIENTED_EDGE('',*,*,#939,.F.);
#1208=ORIENTED_EDGE('',*,*,#930,.F.);
#1209=ORIENTED_EDGE('',*,*,#934,.F.);
#1210=ORIENTED_EDGE('',*,*,#937,.F.);
#1211=ORIENTED_EDGE('',*,*,#940,.F.);
#1212=ORIENTED_EDGE('',*,*,#941,.T.);
#1213=ORIENTED_EDGE('',*,*,#942,.T.);
#1214=ORIENTED_EDGE('',*,*,#943,.F.);
#1215=ORIENTED_EDGE('',*,*,#944,.F.);
#1216=ORIENTED_EDGE('',*,*,#945,.T.);
#1217=ORIENTED_EDGE('',*,*,#946,.T.);
#1218=ORIENTED_EDGE('',*,*,#941,.F.);
#1219=ORIENTED_EDGE('',*,*,#947,.F.);
#1220=ORIENTED_EDGE('',*,*,#948,.T.);
#1221=ORIENTED_EDGE('',*,*,#949,.T.);
#1222=ORIENTED_EDGE('',*,*,#945,.F.);
#1223=ORIENTED_EDGE('',*,*,#950,.F.);
#1224=ORIENTED_EDGE('',*,*,#943,.T.);
#1225=ORIENTED_EDGE('',*,*,#951,.T.);
#1226=ORIENTED_EDGE('',*,*,#948,.F.);
#1227=ORIENTED_EDGE('',*,*,#951,.F.);
#1228=ORIENTED_EDGE('',*,*,#942,.F.);
#1229=ORIENTED_EDGE('',*,*,#946,.F.);
#1230=ORIENTED_EDGE('',*,*,#949,.F.);
#1231=ORIENTED_EDGE('',*,*,#952,.F.);
#1232=ORIENTED_EDGE('',*,*,#953,.T.);
#1233=ORIENTED_EDGE('',*,*,#954,.T.);
#1234=ORIENTED_EDGE('',*,*,#955,.F.);
#1235=ORIENTED_EDGE('',*,*,#956,.F.);
#1236=ORIENTED_EDGE('',*,*,#957,.T.);
#1237=ORIENTED_EDGE('',*,*,#958,.T.);
#1238=ORIENTED_EDGE('',*,*,#953,.F.);
#1239=ORIENTED_EDGE('',*,*,#959,.F.);
#1240=ORIENTED_EDGE('',*,*,#960,.T.);
#1241=ORIENTED_EDGE('',*,*,#961,.T.);
#1242=ORIENTED_EDGE('',*,*,#957,.F.);
#1243=ORIENTED_EDGE('',*,*,#962,.F.);
#1244=ORIENTED_EDGE('',*,*,#955,.T.);
#1245=ORIENTED_EDGE('',*,*,#963,.T.);
#1246=ORIENTED_EDGE('',*,*,#960,.F.);
#1247=ORIENTED_EDGE('',*,*,#963,.F.);
#1248=ORIENTED_EDGE('',*,*,#954,.F.);
#1249=ORIENTED_EDGE('',*,*,#958,.F.);
#1250=ORIENTED_EDGE('',*,*,#961,.F.);
#1251=ORIENTED_EDGE('',*,*,#964,.F.);
#1252=ORIENTED_EDGE('',*,*,#965,.T.);
#1253=ORIENTED_EDGE('',*,*,#966,.T.);
#1254=ORIENTED_EDGE('',*,*,#967,.F.);
#1255=ORIENTED_EDGE('',*,*,#968,.F.);
#1256=ORIENTED_EDGE('',*,*,#969,.T.);
#1257=ORIENTED_EDGE('',*,*,#970,.T.);
#1258=ORIENTED_EDGE('',*,*,#965,.F.);
#1259=ORIENTED_EDGE('',*,*,#971,.F.);
#1260=ORIENTED_EDGE('',*,*,#972,.T.);
#1261=ORIENTED_EDGE('',*,*,#973,.T.);
#1262=ORIENTED_EDGE('',*,*,#969,.F.);
#1263=ORIENTED_EDGE('',*,*,#974,.F.);
#1264=ORIENTED_EDGE('',*,*,#967,.T.);
#1265=ORIENTED_EDGE('',*,*,#975,.T.);
#1266=ORIENTED_EDGE('',*,*,#972,.F.);
#1267=ORIENTED_EDGE('',*,*,#975,.F.);
#1268=ORIENTED_EDGE('',*,*,#966,.F.);
#1269=ORIENTED_EDGE('',*,*,#970,.F.);
#1270=ORIENTED_EDGE('',*,*,#973,.F.);
#1271=ORIENTED_EDGE('',*,*,#976,.F.);
#1272=ORIENTED_EDGE('',*,*,#977,.T.);
#1273=ORIENTED_EDGE('',*,*,#978,.T.);
#1274=ORIENTED_EDGE('',*,*,#979,.F.);
#1275=ORIENTED_EDGE('',*,*,#980,.F.);
#1276=ORIENTED_EDGE('',*,*,#981,.T.);
#1277=ORIENTED_EDGE('',*,*,#982,.T.);
#1278=ORIENTED_EDGE('',*,*,#977,.F.);
#1279=ORIENTED_EDGE('',*,*,#983,.F.);
#1280=ORIENTED_EDGE('',*,*,#984,.T.);
#1281=ORIENTED_EDGE('',*,*,#985,.T.);
#1282=ORIENTED_EDGE('',*,*,#981,.F.);
#1283=ORIENTED_EDGE('',*,*,#986,.F.);
#1284=ORIENTED_EDGE('',*,*,#979,.T.);
#1285=ORIENTED_EDGE('',*,*,#987,.T.);
#1286=ORIENTED_EDGE('',*,*,#984,.F.);
#1287=ORIENTED_EDGE('',*,*,#987,.F.);
#1288=ORIENTED_EDGE('',*,*,#978,.F.);
#1289=ORIENTED_EDGE('',*,*,#982,.F.);
#1290=ORIENTED_EDGE('',*,*,#985,.F.);
#1291=ORIENTED_EDGE('',*,*,#988,.F.);
#1292=ORIENTED_EDGE('',*,*,#989,.T.);
#1293=ORIENTED_EDGE('',*,*,#990,.T.);
#1294=ORIENTED_EDGE('',*,*,#991,.F.);
#1295=ORIENTED_EDGE('',*,*,#992,.F.);
#1296=ORIENTED_EDGE('',*,*,#993,.T.);
#1297=ORIENTED_EDGE('',*,*,#994,.T.);
#1298=ORIENTED_EDGE('',*,*,#989,.F.);
#1299=ORIENTED_EDGE('',*,*,#995,.F.);
#1300=ORIENTED_EDGE('',*,*,#996,.T.);
#1301=ORIENTED_EDGE('',*,*,#997,.T.);
#1302=ORIENTED_EDGE('',*,*,#993,.F.);
#1303=ORIENTED_EDGE('',*,*,#998,.F.);
#1304=ORIENTED_EDGE('',*,*,#991,.T.);
#1305=ORIENTED_EDGE('',*,*,#999,.T.);
#1306=ORIENTED_EDGE('',*,*,#996,.F.);
#1307=ORIENTED_EDGE('',*,*,#999,.F.);
#1308=ORIENTED_EDGE('',*,*,#990,.F.);
#1309=ORIENTED_EDGE('',*,*,#994,.F.);
#1310=ORIENTED_EDGE('',*,*,#997,.F.);
#1311=ORIENTED_EDGE('',*,*,#1000,.F.);
#1312=ORIENTED_EDGE('',*,*,#1001,.T.);
#1313=ORIENTED_EDGE('',*,*,#1002,.T.);
#1314=ORIENTED_EDGE('',*,*,#1003,.F.);
#1315=ORIENTED_EDGE('',*,*,#1004,.F.);
#1316=ORIENTED_EDGE('',*,*,#1005,.T.);
#1317=ORIENTED_EDGE('',*,*,#1006,.T.);
#1318=ORIENTED_EDGE('',*,*,#1001,.F.);
#1319=ORIENTED_EDGE('',*,*,#1007,.F.);
#1320=ORIENTED_EDGE('',*,*,#1008,.T.);
#1321=ORIENTED_EDGE('',*,*,#1009,.T.);
#1322=ORIENTED_EDGE('',*,*,#1005,.F.);
#1323=ORIENTED_EDGE('',*,*,#1010,.F.);
#1324=ORIENTED_EDGE('',*,*,#1003,.T.);
#1325=ORIENTED_EDGE('',*,*,#1011,.T.);
#1326=ORIENTED_EDGE('',*,*,#1008,.F.);
#1327=ORIENTED_EDGE('',*,*,#1011,.F.);
#1328=ORIENTED_EDGE('',*,*,#1002,.F.);
#1329=ORIENTED_EDGE('',*,*,#1006,.F.);
#1330=ORIENTED_EDGE('',*,*,#1009,.F.);
#1331=ORIENTED_EDGE('',*,*,#1012,.F.);
#1332=ORIENTED_EDGE('',*,*,#1013,.T.);
#1333=ORIENTED_EDGE('',*,*,#1014,.T.);
#1334=ORIENTED_EDGE('',*,*,#1015,.F.);
#1335=ORIENTED_EDGE('',*,*,#1016,.F.);
#1336=ORIENTED_EDGE('',*,*,#1017,.T.);
#1337=ORIENTED_EDGE('',*,*,#1018,.T.);
#1338=ORIENTED_EDGE('',*,*,#1013,.F.);
#1339=ORIENTED_EDGE('',*,*,#1019,.F.);
#1340=ORIENTED_EDGE('',*,*,#1020,.T.);
#1341=ORIENTED_EDGE('',*,*,#1021,.T.);
#1342=ORIENTED_EDGE('',*,*,#1017,.F.);
#1343=ORIENTED_EDGE('',*,*,#1022,.F.);
#1344=ORIENTED_EDGE('',*,*,#1015,.T.);
#1345=ORIENTED_EDGE('',*,*,#1023,.T.);
#1346=ORIENTED_EDGE('',*,*,#1020,.F.);
#1347=ORIENTED_EDGE('',*,*,#1023,.F.);
#1348=ORIENTED_EDGE('',*,*,#1014,.F.);
#1349=ORIENTED_EDGE('',*,*,#1018,.F.);
#1350=ORIENTED_EDGE('',*,*,#1021,.F.);
#1351=ORIENTED_EDGE('',*,*,#1024,.F.);
#1352=ORIENTED_EDGE('',*,*,#1025,.T.);
#1353=ORIENTED_EDGE('',*,*,#1026,.T.);
#1354=ORIENTED_EDGE('',*,*,#1027,.F.);
#1355=ORIENTED_EDGE('',*,*,#1028,.F.);
#1356=ORIENTED_EDGE('',*,*,#1029,.T.);
#1357=ORIENTED_EDGE('',*,*,#1030,.T.);
#1358=ORIENTED_EDGE('',*,*,#1025,.F.);
#1359=ORIENTED_EDGE('',*,*,#1031,.F.);
#1360=ORIENTED_EDGE('',*,*,#1032,.T.);
#1361=ORIENTED_EDGE('',*,*,#1033,.T.);
#1362=ORIENTED_EDGE('',*,*,#1029,.F.);
#1363=ORIENTED_EDGE('',*,*,#1034,.F.);
#1364=ORIENTED_EDGE('',*,*,#1027,.T.);
#1365=ORIENTED_EDGE('',*,*,#1035,.T.);
#1366=ORIENTED_EDGE('',*,*,#1032,.F.);
#1367=ORIENTED_EDGE('',*,*,#1035,.F.);
#1368=ORIENTED_EDGE('',*,*,#1026,.F.);
#1369=ORIENTED_EDGE('',*,*,#1030,.F.);
#1370=ORIENTED_EDGE('',*,*,#1033,.F.);
#1371=ORIENTED_EDGE('',*,*,#1036,.F.);
#1372=ORIENTED_EDGE('',*,*,#1037,.T.);
#1373=ORIENTED_EDGE('',*,*,#1038,.T.);
#1374=ORIENTED_EDGE('',*,*,#1039,.F.);
#1375=ORIENTED_EDGE('',*,*,#1040,.F.);
#1376=ORIENTED_EDGE('',*,*,#1041,.T.);
#1377=ORIENTED_EDGE('',*,*,#1042,.T.);
#1378=ORIENTED_EDGE('',*,*,#1037,.F.);
#1379=ORIENTED_EDGE('',*,*,#1043,.F.);
#1380=ORIENTED_EDGE('',*,*,#1044,.T.);
#1381=ORIENTED_EDGE('',*,*,#1045,.T.);
#1382=ORIENTED_EDGE('',*,*,#1041,.F.);
#1383=ORIENTED_EDGE('',*,*,#1046,.F.);
#1384=ORIENTED_EDGE('',*,*,#1039,.T.);
#1385=ORIENTED_EDGE('',*,*,#1047,.T.);
#1386=ORIENTED_EDGE('',*,*,#1044,.F.);
#1387=ORIENTED_EDGE('',*,*,#1047,.F.);
#1388=ORIENTED_EDGE('',*,*,#1038,.F.);
#1389=ORIENTED_EDGE('',*,*,#1042,.F.);
#1390=ORIENTED_EDGE('',*,*,#1045,.F.);
#1391=ORIENTED_EDGE('',*,*,#1048,.F.);
#1392=ORIENTED_EDGE('',*,*,#1049,.T.);
#1393=ORIENTED_EDGE('',*,*,#1050,.T.);
#1394=ORIENTED_EDGE('',*,*,#1051,.F.);
#1395=ORIENTED_EDGE('',*,*,#1052,.F.);
#1396=ORIENTED_EDGE('',*,*,#1053,.T.);
#1397=ORIENTED_EDGE('',*,*,#1054,.T.);
#1398=ORIENTED_EDGE('',*,*,#1049,.F.);
#1399=ORIENTED_EDGE('',*,*,#1055,.F.);
#1400=ORIENTED_EDGE('',*,*,#1056,.T.);
#1401=ORIENTED_EDGE('',*,*,#1057,.T.);
#1402=ORIENTED_EDGE('',*,*,#1053,.F.);
#1403=ORIENTED_EDGE('',*,*,#1058,.F.);
#1404=ORIENTED_EDGE('',*,*,#1051,.T.);
#1405=ORIENTED_EDGE('',*,*,#1059,.T.);
#1406=ORIENTED_EDGE('',*,*,#1056,.F.);
#1407=ORIENTED_EDGE('',*,*,#1059,.F.);
#1408=ORIENTED_EDGE('',*,*,#1050,.F.);
#1409=ORIENTED_EDGE('',*,*,#1054,.F.);
#1410=ORIENTED_EDGE('',*,*,#1057,.F.);
#1411=ORIENTED_EDGE('',*,*,#1060,.F.);
#1412=ORIENTED_EDGE('',*,*,#1061,.T.);
#1413=ORIENTED_EDGE('',*,*,#1062,.T.);
#1414=ORIENTED_EDGE('',*,*,#1063,.F.);
#1415=ORIENTED_EDGE('',*,*,#1064,.F.);
#1416=ORIENTED_EDGE('',*,*,#1065,.T.);
#1417=ORIENTED_EDGE('',*,*,#1066,.T.);
#1418=ORIENTED_EDGE('',*,*,#1061,.F.);
#1419=ORIENTED_EDGE('',*,*,#1067,.F.);
#1420=ORIENTED_EDGE('',*,*,#1068,.T.);
#1421=ORIENTED_EDGE('',*,*,#1069,.T.);
#1422=ORIENTED_EDGE('',*,*,#1065,.F.);
#1423=ORIENTED_EDGE('',*,*,#1070,.F.);
#1424=ORIENTED_EDGE('',*,*,#1063,.T.);
#1425=ORIENTED_EDGE('',*,*,#1071,.T.);
#1426=ORIENTED_EDGE('',*,*,#1068,.F.);
#1427=ORIENTED_EDGE('',*,*,#1071,.F.);
#1428=ORIENTED_EDGE('',*,*,#1062,.F.);
#1429=ORIENTED_EDGE('',*,*,#1066,.F.);
#1430=ORIENTED_EDGE('',*,*,#1069,.F.);
#1431=ORIENTED_EDGE('',*,*,#1072,.F.);
#1432=ORIENTED_EDGE('',*,*,#1073,.T.);
#1433=ORIENTED_EDGE('',*,*,#1074,.F.);
#1434=ORIENTED_EDGE('',*,*,#1073,.F.);
#1435=ORIENTED_EDGE('',*,*,#1075,.F.);
#1436=ORIENTED_EDGE('',*,*,#1076,.T.);
#1437=ORIENTED_EDGE('',*,*,#1077,.F.);
#1438=ORIENTED_EDGE('',*,*,#1076,.F.);
#1439=ORIENTED_EDGE('',*,*,#1078,.F.);
#1440=ORIENTED_EDGE('',*,*,#1079,.T.);
#1441=ORIENTED_EDGE('',*,*,#1080,.F.);
#1442=ORIENTED_EDGE('',*,*,#1079,.F.);
#1443=ORIENTED_EDGE('',*,*,#1081,.F.);
#1444=ORIENTED_EDGE('',*,*,#1082,.T.);
#1445=ORIENTED_EDGE('',*,*,#1083,.F.);
#1446=ORIENTED_EDGE('',*,*,#1082,.F.);
#1447=ORIENTED_EDGE('',*,*,#1084,.F.);
#1448=ORIENTED_EDGE('',*,*,#1085,.T.);
#1449=ORIENTED_EDGE('',*,*,#1086,.F.);
#1450=ORIENTED_EDGE('',*,*,#1085,.F.);
#1451=ORIENTED_EDGE('',*,*,#1087,.F.);
#1452=ORIENTED_EDGE('',*,*,#1088,.T.);
#1453=ORIENTED_EDGE('',*,*,#1089,.F.);
#1454=ORIENTED_EDGE('',*,*,#1088,.F.);
#1455=ORIENTED_EDGE('',*,*,#1090,.F.);
#1456=ORIENTED_EDGE('',*,*,#1091,.T.);
#1457=ORIENTED_EDGE('',*,*,#1092,.F.);
#1458=ORIENTED_EDGE('',*,*,#1091,.F.);
#1459=ORIENTED_EDGE('',*,*,#1093,.F.);
#1460=ORIENTED_EDGE('',*,*,#1094,.T.);
#1461=ORIENTED_EDGE('',*,*,#1095,.F.);
#1462=ORIENTED_EDGE('',*,*,#1094,.F.);
#1463=ORIENTED_EDGE('',*,*,#1096,.F.);
#1464=ORIENTED_EDGE('',*,*,#1097,.T.);
#1465=ORIENTED_EDGE('',*,*,#1098,.F.);
#1466=ORIENTED_EDGE('',*,*,#1097,.F.);
#1467=ORIENTED_EDGE('',*,*,#1099,.T.);
#1468=ORIENTED_EDGE('',*,*,#1100,.T.);
#1469=ORIENTED_EDGE('',*,*,#1101,.F.);
#1470=ORIENTED_EDGE('',*,*,#1102,.F.);
#1471=ORIENTED_EDGE('',*,*,#1103,.T.);
#1472=ORIENTED_EDGE('',*,*,#1102,.T.);
#1473=ORIENTED_EDGE('',*,*,#1104,.F.);
#1474=ORIENTED_EDGE('',*,*,#1105,.F.);
#1475=ORIENTED_EDGE('',*,*,#1106,.T.);
#1476=ORIENTED_EDGE('',*,*,#1105,.T.);
#1477=ORIENTED_EDGE('',*,*,#1107,.F.);
#1478=ORIENTED_EDGE('',*,*,#1108,.F.);
#1479=ORIENTED_EDGE('',*,*,#1109,.T.);
#1480=ORIENTED_EDGE('',*,*,#1108,.T.);
#1481=ORIENTED_EDGE('',*,*,#1110,.F.);
#1482=ORIENTED_EDGE('',*,*,#1100,.F.);
#1483=ORIENTED_EDGE('',*,*,#1110,.T.);
#1484=ORIENTED_EDGE('',*,*,#1107,.T.);
#1485=ORIENTED_EDGE('',*,*,#1104,.T.);
#1486=ORIENTED_EDGE('',*,*,#1101,.T.);
#1487=ORIENTED_EDGE('',*,*,#928,.T.);
#1488=ORIENTED_EDGE('',*,*,#938,.T.);
#1489=ORIENTED_EDGE('',*,*,#935,.T.);
#1490=ORIENTED_EDGE('',*,*,#932,.T.);
#1491=ORIENTED_EDGE('',*,*,#940,.T.);
#1492=ORIENTED_EDGE('',*,*,#950,.T.);
#1493=ORIENTED_EDGE('',*,*,#947,.T.);
#1494=ORIENTED_EDGE('',*,*,#944,.T.);
#1495=ORIENTED_EDGE('',*,*,#952,.T.);
#1496=ORIENTED_EDGE('',*,*,#962,.T.);
#1497=ORIENTED_EDGE('',*,*,#959,.T.);
#1498=ORIENTED_EDGE('',*,*,#956,.T.);
#1499=ORIENTED_EDGE('',*,*,#964,.T.);
#1500=ORIENTED_EDGE('',*,*,#974,.T.);
#1501=ORIENTED_EDGE('',*,*,#971,.T.);
#1502=ORIENTED_EDGE('',*,*,#968,.T.);
#1503=ORIENTED_EDGE('',*,*,#1024,.T.);
#1504=ORIENTED_EDGE('',*,*,#1034,.T.);
#1505=ORIENTED_EDGE('',*,*,#1031,.T.);
#1506=ORIENTED_EDGE('',*,*,#1028,.T.);
#1507=ORIENTED_EDGE('',*,*,#1036,.T.);
#1508=ORIENTED_EDGE('',*,*,#1046,.T.);
#1509=ORIENTED_EDGE('',*,*,#1043,.T.);
#1510=ORIENTED_EDGE('',*,*,#1040,.T.);
#1511=ORIENTED_EDGE('',*,*,#1048,.T.);
#1512=ORIENTED_EDGE('',*,*,#1058,.T.);
#1513=ORIENTED_EDGE('',*,*,#1055,.T.);
#1514=ORIENTED_EDGE('',*,*,#1052,.T.);
#1515=ORIENTED_EDGE('',*,*,#1060,.T.);
#1516=ORIENTED_EDGE('',*,*,#1070,.T.);
#1517=ORIENTED_EDGE('',*,*,#1067,.T.);
#1518=ORIENTED_EDGE('',*,*,#1064,.T.);
#1519=ORIENTED_EDGE('',*,*,#1075,.T.);
#1520=ORIENTED_EDGE('',*,*,#1078,.T.);
#1521=ORIENTED_EDGE('',*,*,#1081,.T.);
#1522=ORIENTED_EDGE('',*,*,#1084,.T.);
#1523=ORIENTED_EDGE('',*,*,#1087,.T.);
#1524=ORIENTED_EDGE('',*,*,#1090,.T.);
#1525=ORIENTED_EDGE('',*,*,#1093,.T.);
#1526=ORIENTED_EDGE('',*,*,#1096,.T.);
#1527=ORIENTED_EDGE('',*,*,#1072,.T.);
#1528=ORIENTED_EDGE('',*,*,#1012,.T.);
#1529=ORIENTED_EDGE('',*,*,#1022,.T.);
#1530=ORIENTED_EDGE('',*,*,#1019,.T.);
#1531=ORIENTED_EDGE('',*,*,#1016,.T.);
#1532=ORIENTED_EDGE('',*,*,#1000,.T.);
#1533=ORIENTED_EDGE('',*,*,#1010,.T.);
#1534=ORIENTED_EDGE('',*,*,#1007,.T.);
#1535=ORIENTED_EDGE('',*,*,#1004,.T.);
#1536=ORIENTED_EDGE('',*,*,#988,.T.);
#1537=ORIENTED_EDGE('',*,*,#998,.T.);
#1538=ORIENTED_EDGE('',*,*,#995,.T.);
#1539=ORIENTED_EDGE('',*,*,#992,.T.);
#1540=ORIENTED_EDGE('',*,*,#976,.T.);
#1541=ORIENTED_EDGE('',*,*,#986,.T.);
#1542=ORIENTED_EDGE('',*,*,#983,.T.);
#1543=ORIENTED_EDGE('',*,*,#980,.T.);
#1544=ORIENTED_EDGE('',*,*,#916,.T.);
#1545=ORIENTED_EDGE('',*,*,#926,.T.);
#1546=ORIENTED_EDGE('',*,*,#923,.T.);
#1547=ORIENTED_EDGE('',*,*,#920,.T.);
#1548=ORIENTED_EDGE('',*,*,#904,.T.);
#1549=ORIENTED_EDGE('',*,*,#914,.T.);
#1550=ORIENTED_EDGE('',*,*,#911,.T.);
#1551=ORIENTED_EDGE('',*,*,#908,.T.);
#1552=ORIENTED_EDGE('',*,*,#892,.T.);
#1553=ORIENTED_EDGE('',*,*,#902,.T.);
#1554=ORIENTED_EDGE('',*,*,#899,.T.);
#1555=ORIENTED_EDGE('',*,*,#896,.T.);
#1556=ORIENTED_EDGE('',*,*,#880,.T.);
#1557=ORIENTED_EDGE('',*,*,#890,.T.);
#1558=ORIENTED_EDGE('',*,*,#887,.T.);
#1559=ORIENTED_EDGE('',*,*,#884,.T.);
#1560=ORIENTED_EDGE('',*,*,#1109,.F.);
#1561=ORIENTED_EDGE('',*,*,#1099,.F.);
#1562=ORIENTED_EDGE('',*,*,#1103,.F.);
#1563=ORIENTED_EDGE('',*,*,#1106,.F.);
#1564=ORIENTED_EDGE('',*,*,#1077,.T.);
#1565=ORIENTED_EDGE('',*,*,#1080,.T.);
#1566=ORIENTED_EDGE('',*,*,#1083,.T.);
#1567=ORIENTED_EDGE('',*,*,#1086,.T.);
#1568=ORIENTED_EDGE('',*,*,#1089,.T.);
#1569=ORIENTED_EDGE('',*,*,#1092,.T.);
#1570=ORIENTED_EDGE('',*,*,#1095,.T.);
#1571=ORIENTED_EDGE('',*,*,#1098,.T.);
#1572=ORIENTED_EDGE('',*,*,#1074,.T.);
#1573=PLANE('',#1768);
#1574=PLANE('',#1769);
#1575=PLANE('',#1770);
#1576=PLANE('',#1771);
#1577=PLANE('',#1772);
#1578=PLANE('',#1773);
#1579=PLANE('',#1774);
#1580=PLANE('',#1775);
#1581=PLANE('',#1776);
#1582=PLANE('',#1777);
#1583=PLANE('',#1778);
#1584=PLANE('',#1779);
#1585=PLANE('',#1780);
#1586=PLANE('',#1781);
#1587=PLANE('',#1782);
#1588=PLANE('',#1783);
#1589=PLANE('',#1784);
#1590=PLANE('',#1785);
#1591=PLANE('',#1786);
#1592=PLANE('',#1787);
#1593=PLANE('',#1788);
#1594=PLANE('',#1789);
#1595=PLANE('',#1790);
#1596=PLANE('',#1791);
#1597=PLANE('',#1792);
#1598=PLANE('',#1793);
#1599=PLANE('',#1794);
#1600=PLANE('',#1795);
#1601=PLANE('',#1796);
#1602=PLANE('',#1797);
#1603=PLANE('',#1798);
#1604=PLANE('',#1799);
#1605=PLANE('',#1800);
#1606=PLANE('',#1801);
#1607=PLANE('',#1802);
#1608=PLANE('',#1803);
#1609=PLANE('',#1804);
#1610=PLANE('',#1805);
#1611=PLANE('',#1806);
#1612=PLANE('',#1807);
#1613=PLANE('',#1808);
#1614=PLANE('',#1809);
#1615=PLANE('',#1810);
#1616=PLANE('',#1811);
#1617=PLANE('',#1812);
#1618=PLANE('',#1813);
#1619=PLANE('',#1814);
#1620=PLANE('',#1815);
#1621=PLANE('',#1816);
#1622=PLANE('',#1817);
#1623=PLANE('',#1818);
#1624=PLANE('',#1819);
#1625=PLANE('',#1820);
#1626=PLANE('',#1821);
#1627=PLANE('',#1822);
#1628=PLANE('',#1823);
#1629=PLANE('',#1824);
#1630=PLANE('',#1825);
#1631=PLANE('',#1826);
#1632=PLANE('',#1827);
#1633=PLANE('',#1828);
#1634=PLANE('',#1829);
#1635=PLANE('',#1830);
#1636=PLANE('',#1831);
#1637=PLANE('',#1832);
#1638=PLANE('',#1833);
#1639=PLANE('',#1834);
#1640=PLANE('',#1835);
#1641=PLANE('',#1836);
#1642=PLANE('',#1837);
#1643=PLANE('',#1838);
#1644=PLANE('',#1839);
#1645=PLANE('',#1840);
#1646=PLANE('',#1841);
#1647=PLANE('',#1842);
#1648=PLANE('',#1843);
#1649=PLANE('',#1844);
#1650=PLANE('',#1845);
#1651=PLANE('',#1846);
#1652=PLANE('',#1847);
#1653=PLANE('',#1875);
#1654=PLANE('',#1876);
#1655=PLANE('',#1877);
#1656=PLANE('',#1878);
#1657=PLANE('',#1879);
#1658=PLANE('',#1880);
#1659=ADVANCED_FACE('',(#76),#1573,.F.);
#1660=ADVANCED_FACE('',(#77),#1574,.F.);
#1661=ADVANCED_FACE('',(#78),#1575,.F.);
#1662=ADVANCED_FACE('',(#79),#1576,.F.);
#1663=ADVANCED_FACE('',(#80),#1577,.F.);
#1664=ADVANCED_FACE('',(#81),#1578,.F.);
#1665=ADVANCED_FACE('',(#82),#1579,.F.);
#1666=ADVANCED_FACE('',(#83),#1580,.F.);
#1667=ADVANCED_FACE('',(#84),#1581,.F.);
#1668=ADVANCED_FACE('',(#85),#1582,.F.);
#1669=ADVANCED_FACE('',(#86),#1583,.F.);
#1670=ADVANCED_FACE('',(#87),#1584,.F.);
#1671=ADVANCED_FACE('',(#88),#1585,.F.);
#1672=ADVANCED_FACE('',(#89),#1586,.F.);
#1673=ADVANCED_FACE('',(#90),#1587,.F.);
#1674=ADVANCED_FACE('',(#91),#1588,.F.);
#1675=ADVANCED_FACE('',(#92),#1589,.F.);
#1676=ADVANCED_FACE('',(#93),#1590,.F.);
#1677=ADVANCED_FACE('',(#94),#1591,.F.);
#1678=ADVANCED_FACE('',(#95),#1592,.F.);
#1679=ADVANCED_FACE('',(#96),#1593,.F.);
#1680=ADVANCED_FACE('',(#97),#1594,.F.);
#1681=ADVANCED_FACE('',(#98),#1595,.F.);
#1682=ADVANCED_FACE('',(#99),#1596,.F.);
#1683=ADVANCED_FACE('',(#100),#1597,.F.);
#1684=ADVANCED_FACE('',(#101),#1598,.F.);
#1685=ADVANCED_FACE('',(#102),#1599,.F.);
#1686=ADVANCED_FACE('',(#103),#1600,.F.);
#1687=ADVANCED_FACE('',(#104),#1601,.F.);
#1688=ADVANCED_FACE('',(#105),#1602,.F.);
#1689=ADVANCED_FACE('',(#106),#1603,.F.);
#1690=ADVANCED_FACE('',(#107),#1604,.F.);
#1691=ADVANCED_FACE('',(#108),#1605,.F.);
#1692=ADVANCED_FACE('',(#109),#1606,.F.);
#1693=ADVANCED_FACE('',(#110),#1607,.F.);
#1694=ADVANCED_FACE('',(#111),#1608,.F.);
#1695=ADVANCED_FACE('',(#112),#1609,.F.);
#1696=ADVANCED_FACE('',(#113),#1610,.F.);
#1697=ADVANCED_FACE('',(#114),#1611,.F.);
#1698=ADVANCED_FACE('',(#115),#1612,.F.);
#1699=ADVANCED_FACE('',(#116),#1613,.F.);
#1700=ADVANCED_FACE('',(#117),#1614,.F.);
#1701=ADVANCED_FACE('',(#118),#1615,.F.);
#1702=ADVANCED_FACE('',(#119),#1616,.F.);
#1703=ADVANCED_FACE('',(#120),#1617,.F.);
#1704=ADVANCED_FACE('',(#121),#1618,.F.);
#1705=ADVANCED_FACE('',(#122),#1619,.F.);
#1706=ADVANCED_FACE('',(#123),#1620,.F.);
#1707=ADVANCED_FACE('',(#124),#1621,.F.);
#1708=ADVANCED_FACE('',(#125),#1622,.F.);
#1709=ADVANCED_FACE('',(#126),#1623,.F.);
#1710=ADVANCED_FACE('',(#127),#1624,.F.);
#1711=ADVANCED_FACE('',(#128),#1625,.F.);
#1712=ADVANCED_FACE('',(#129),#1626,.F.);
#1713=ADVANCED_FACE('',(#130),#1627,.F.);
#1714=ADVANCED_FACE('',(#131),#1628,.F.);
#1715=ADVANCED_FACE('',(#132),#1629,.F.);
#1716=ADVANCED_FACE('',(#133),#1630,.F.);
#1717=ADVANCED_FACE('',(#134),#1631,.F.);
#1718=ADVANCED_FACE('',(#135),#1632,.F.);
#1719=ADVANCED_FACE('',(#136),#1633,.F.);
#1720=ADVANCED_FACE('',(#137),#1634,.F.);
#1721=ADVANCED_FACE('',(#138),#1635,.F.);
#1722=ADVANCED_FACE('',(#139),#1636,.F.);
#1723=ADVANCED_FACE('',(#140),#1637,.F.);
#1724=ADVANCED_FACE('',(#141),#1638,.F.);
#1725=ADVANCED_FACE('',(#142),#1639,.F.);
#1726=ADVANCED_FACE('',(#143),#1640,.F.);
#1727=ADVANCED_FACE('',(#144),#1641,.F.);
#1728=ADVANCED_FACE('',(#145),#1642,.F.);
#1729=ADVANCED_FACE('',(#146),#1643,.F.);
#1730=ADVANCED_FACE('',(#147),#1644,.F.);
#1731=ADVANCED_FACE('',(#148),#1645,.F.);
#1732=ADVANCED_FACE('',(#149),#1646,.F.);
#1733=ADVANCED_FACE('',(#150),#1647,.F.);
#1734=ADVANCED_FACE('',(#151),#1648,.F.);
#1735=ADVANCED_FACE('',(#152),#1649,.F.);
#1736=ADVANCED_FACE('',(#153),#1650,.F.);
#1737=ADVANCED_FACE('',(#154),#1651,.F.);
#1738=ADVANCED_FACE('',(#155),#1652,.F.);
#1739=ADVANCED_FACE('',(#156),#67,.F.);
#1740=ADVANCED_FACE('',(#157),#68,.F.);
#1741=ADVANCED_FACE('',(#158),#69,.F.);
#1742=ADVANCED_FACE('',(#159),#70,.F.);
#1743=ADVANCED_FACE('',(#160),#71,.F.);
#1744=ADVANCED_FACE('',(#161),#72,.F.);
#1745=ADVANCED_FACE('',(#162),#73,.F.);
#1746=ADVANCED_FACE('',(#163),#74,.F.);
#1747=ADVANCED_FACE('',(#164),#75,.F.);
#1748=ADVANCED_FACE('',(#165),#1653,.T.);
#1749=ADVANCED_FACE('',(#166),#1654,.T.);
#1750=ADVANCED_FACE('',(#167),#1655,.T.);
#1751=ADVANCED_FACE('',(#168),#1656,.T.);
#1752=ADVANCED_FACE('',(#169,#15,#16,#17,#18,#19,#20,#21,#22,#23,#24,#25,
#26,#27,#28,#29,#30,#31,#32,#33,#34,#35,#36,#37,#38,#39),#1657,.T.);
#1753=ADVANCED_FACE('',(#170,#40,#41,#42,#43,#44,#45,#46,#47,#48),#1658,
 .F.);
#1754=CLOSED_SHELL('',(#1659,#1660,#1661,#1662,#1663,#1664,#1665,#1666,
#1667,#1668,#1669,#1670,#1671,#1672,#1673,#1674,#1675,#1676,#1677,#1678,
#1679,#1680,#1681,#1682,#1683,#1684,#1685,#1686,#1687,#1688,#1689,#1690,
#1691,#1692,#1693,#1694,#1695,#1696,#1697,#1698,#1699,#1700,#1701,#1702,
#1703,#1704,#1705,#1706,#1707,#1708,#1709,#1710,#1711,#1712,#1713,#1714,
#1715,#1716,#1717,#1718,#1719,#1720,#1721,#1722,#1723,#1724,#1725,#1726,
#1727,#1728,#1729,#1730,#1731,#1732,#1733,#1734,#1735,#1736,#1737,#1738,
#1739,#1740,#1741,#1742,#1743,#1744,#1745,#1746,#1747,#1748,#1749,#1750,
#1751,#1752,#1753));
#1755=DERIVED_UNIT_ELEMENT(#1757,1.);
#1756=DERIVED_UNIT_ELEMENT(#2808,-3.);
#1757=(
MASS_UNIT()
NAMED_UNIT(*)
SI_UNIT(.KILO.,.GRAM.)
);
#1758=DERIVED_UNIT((#1755,#1756));
#1759=MEASURE_REPRESENTATION_ITEM('density measure',
POSITIVE_RATIO_MEASURE(7850.),#1758);
#1760=PROPERTY_DEFINITION_REPRESENTATION(#1765,#1762);
#1761=PROPERTY_DEFINITION_REPRESENTATION(#1766,#1763);
#1762=REPRESENTATION('material name',(#1764),#2805);
#1763=REPRESENTATION('density',(#1759),#2805);
#1764=DESCRIPTIVE_REPRESENTATION_ITEM('Acier','Acier');
#1765=PROPERTY_DEFINITION('material property','material name',#2815);
#1766=PROPERTY_DEFINITION('material property','density of part',#2815);
#1767=AXIS2_PLACEMENT_3D('',#2322,#1881,#1882);
#1768=AXIS2_PLACEMENT_3D('',#2323,#1883,#1884);
#1769=AXIS2_PLACEMENT_3D('',#2332,#1889,#1890);
#1770=AXIS2_PLACEMENT_3D('',#2338,#1894,#1895);
#1771=AXIS2_PLACEMENT_3D('',#2344,#1899,#1900);
#1772=AXIS2_PLACEMENT_3D('',#2347,#1903,#1904);
#1773=AXIS2_PLACEMENT_3D('',#2348,#1905,#1906);
#1774=AXIS2_PLACEMENT_3D('',#2357,#1911,#1912);
#1775=AXIS2_PLACEMENT_3D('',#2363,#1916,#1917);
#1776=AXIS2_PLACEMENT_3D('',#2369,#1921,#1922);
#1777=AXIS2_PLACEMENT_3D('',#2372,#1925,#1926);
#1778=AXIS2_PLACEMENT_3D('',#2373,#1927,#1928);
#1779=AXIS2_PLACEMENT_3D('',#2382,#1933,#1934);
#1780=AXIS2_PLACEMENT_3D('',#2388,#1938,#1939);
#1781=AXIS2_PLACEMENT_3D('',#2394,#1943,#1944);
#1782=AXIS2_PLACEMENT_3D('',#2397,#1947,#1948);
#1783=AXIS2_PLACEMENT_3D('',#2398,#1949,#1950);
#1784=AXIS2_PLACEMENT_3D('',#2407,#1955,#1956);
#1785=AXIS2_PLACEMENT_3D('',#2413,#1960,#1961);
#1786=AXIS2_PLACEMENT_3D('',#2419,#1965,#1966);
#1787=AXIS2_PLACEMENT_3D('',#2422,#1969,#1970);
#1788=AXIS2_PLACEMENT_3D('',#2423,#1971,#1972);
#1789=AXIS2_PLACEMENT_3D('',#2432,#1977,#1978);
#1790=AXIS2_PLACEMENT_3D('',#2438,#1982,#1983);
#1791=AXIS2_PLACEMENT_3D('',#2444,#1987,#1988);
#1792=AXIS2_PLACEMENT_3D('',#2447,#1991,#1992);
#1793=AXIS2_PLACEMENT_3D('',#2448,#1993,#1994);
#1794=AXIS2_PLACEMENT_3D('',#2457,#1999,#2000);
#1795=AXIS2_PLACEMENT_3D('',#2463,#2004,#2005);
#1796=AXIS2_PLACEMENT_3D('',#2469,#2009,#2010);
#1797=AXIS2_PLACEMENT_3D('',#2472,#2013,#2014);
#1798=AXIS2_PLACEMENT_3D('',#2473,#2015,#2016);
#1799=AXIS2_PLACEMENT_3D('',#2482,#2021,#2022);
#1800=AXIS2_PLACEMENT_3D('',#2488,#2026,#2027);
#1801=AXIS2_PLACEMENT_3D('',#2494,#2031,#2032);
#1802=AXIS2_PLACEMENT_3D('',#2497,#2035,#2036);
#1803=AXIS2_PLACEMENT_3D('',#2498,#2037,#2038);
#1804=AXIS2_PLACEMENT_3D('',#2507,#2043,#2044);
#1805=AXIS2_PLACEMENT_3D('',#2513,#2048,#2049);
#1806=AXIS2_PLACEMENT_3D('',#2519,#2053,#2054);
#1807=AXIS2_PLACEMENT_3D('',#2522,#2057,#2058);
#1808=AXIS2_PLACEMENT_3D('',#2523,#2059,#2060);
#1809=AXIS2_PLACEMENT_3D('',#2532,#2065,#2066);
#1810=AXIS2_PLACEMENT_3D('',#2538,#2070,#2071);
#1811=AXIS2_PLACEMENT_3D('',#2544,#2075,#2076);
#1812=AXIS2_PLACEMENT_3D('',#2547,#2079,#2080);
#1813=AXIS2_PLACEMENT_3D('',#2548,#2081,#2082);
#1814=AXIS2_PLACEMENT_3D('',#2557,#2087,#2088);
#1815=AXIS2_PLACEMENT_3D('',#2563,#2092,#2093);
#1816=AXIS2_PLACEMENT_3D('',#2569,#2097,#2098);
#1817=AXIS2_PLACEMENT_3D('',#2572,#2101,#2102);
#1818=AXIS2_PLACEMENT_3D('',#2573,#2103,#2104);
#1819=AXIS2_PLACEMENT_3D('',#2582,#2109,#2110);
#1820=AXIS2_PLACEMENT_3D('',#2588,#2114,#2115);
#1821=AXIS2_PLACEMENT_3D('',#2594,#2119,#2120);
#1822=AXIS2_PLACEMENT_3D('',#2597,#2123,#2124);
#1823=AXIS2_PLACEMENT_3D('',#2598,#2125,#2126);
#1824=AXIS2_PLACEMENT_3D('',#2607,#2131,#2132);
#1825=AXIS2_PLACEMENT_3D('',#2613,#2136,#2137);
#1826=AXIS2_PLACEMENT_3D('',#2619,#2141,#2142);
#1827=AXIS2_PLACEMENT_3D('',#2622,#2145,#2146);
#1828=AXIS2_PLACEMENT_3D('',#2623,#2147,#2148);
#1829=AXIS2_PLACEMENT_3D('',#2632,#2153,#2154);
#1830=AXIS2_PLACEMENT_3D('',#2638,#2158,#2159);
#1831=AXIS2_PLACEMENT_3D('',#2644,#2163,#2164);
#1832=AXIS2_PLACEMENT_3D('',#2647,#2167,#2168);
#1833=AXIS2_PLACEMENT_3D('',#2648,#2169,#2170);
#1834=AXIS2_PLACEMENT_3D('',#2657,#2175,#2176);
#1835=AXIS2_PLACEMENT_3D('',#2663,#2180,#2181);
#1836=AXIS2_PLACEMENT_3D('',#2669,#2185,#2186);
#1837=AXIS2_PLACEMENT_3D('',#2672,#2189,#2190);
#1838=AXIS2_PLACEMENT_3D('',#2673,#2191,#2192);
#1839=AXIS2_PLACEMENT_3D('',#2682,#2197,#2198);
#1840=AXIS2_PLACEMENT_3D('',#2688,#2202,#2203);
#1841=AXIS2_PLACEMENT_3D('',#2694,#2207,#2208);
#1842=AXIS2_PLACEMENT_3D('',#2697,#2211,#2212);
#1843=AXIS2_PLACEMENT_3D('',#2698,#2213,#2214);
#1844=AXIS2_PLACEMENT_3D('',#2707,#2219,#2220);
#1845=AXIS2_PLACEMENT_3D('',#2713,#2224,#2225);
#1846=AXIS2_PLACEMENT_3D('',#2719,#2229,#2230);
#1847=AXIS2_PLACEMENT_3D('',#2722,#2233,#2234);
#1848=AXIS2_PLACEMENT_3D('',#2723,#2235,#2236);
#1849=AXIS2_PLACEMENT_3D('',#2725,#2237,#2238);
#1850=AXIS2_PLACEMENT_3D('',#2728,#2240,#2241);
#1851=AXIS2_PLACEMENT_3D('',#2729,#2242,#2243);
#1852=AXIS2_PLACEMENT_3D('',#2731,#2244,#2245);
#1853=AXIS2_PLACEMENT_3D('',#2734,#2247,#2248);
#1854=AXIS2_PLACEMENT_3D('',#2735,#2249,#2250);
#1855=AXIS2_PLACEMENT_3D('',#2737,#2251,#2252);
#1856=AXIS2_PLACEMENT_3D('',#2740,#2254,#2255);
#1857=AXIS2_PLACEMENT_3D('',#2741,#2256,#2257);
#1858=AXIS2_PLACEMENT_3D('',#2743,#2258,#2259);
#1859=AXIS2_PLACEMENT_3D('',#2746,#2261,#2262);
#1860=AXIS2_PLACEMENT_3D('',#2747,#2263,#2264);
#1861=AXIS2_PLACEMENT_3D('',#2749,#2265,#2266);
#1862=AXIS2_PLACEMENT_3D('',#2752,#2268,#2269);
#1863=AXIS2_PLACEMENT_3D('',#2753,#2270,#2271);
#1864=AXIS2_PLACEMENT_3D('',#2755,#2272,#2273);
#1865=AXIS2_PLACEMENT_3D('',#2758,#2275,#2276);
#1866=AXIS2_PLACEMENT_3D('',#2759,#2277,#2278);
#1867=AXIS2_PLACEMENT_3D('',#2761,#2279,#2280);
#1868=AXIS2_PLACEMENT_3D('',#2764,#2282,#2283);
#1869=AXIS2_PLACEMENT_3D('',#2765,#2284,#2285);
#1870=AXIS2_PLACEMENT_3D('',#2767,#2286,#2287);
#1871=AXIS2_PLACEMENT_3D('',#2770,#2289,#2290);
#1872=AXIS2_PLACEMENT_3D('',#2771,#2291,#2292);
#1873=AXIS2_PLACEMENT_3D('',#2773,#2293,#2294);
#1874=AXIS2_PLACEMENT_3D('',#2776,#2296,#2297);
#1875=AXIS2_PLACEMENT_3D('',#2777,#2298,#2299);
#1876=AXIS2_PLACEMENT_3D('',#2786,#2304,#2305);
#1877=AXIS2_PLACEMENT_3D('',#2792,#2309,#2310);
#1878=AXIS2_PLACEMENT_3D('',#2798,#2314,#2315);
#1879=AXIS2_PLACEMENT_3D('',#2801,#2318,#2319);
#1880=AXIS2_PLACEMENT_3D('',#2802,#2320,#2321);
#1881=DIRECTION('axis',(0.,0.,1.));
#1882=DIRECTION('refdir',(1.,0.,0.));
#1883=DIRECTION('center_axis',(0.,-1.,0.));
#1884=DIRECTION('ref_axis',(-1.,0.,0.));
#1885=DIRECTION('',(-1.,0.,0.));
#1886=DIRECTION('',(0.,0.,-1.));
#1887=DIRECTION('',(-1.,0.,0.));
#1888=DIRECTION('',(0.,0.,-1.));
#1889=DIRECTION('center_axis',(1.,0.,0.));
#1890=DIRECTION('ref_axis',(0.,-1.,0.));
#1891=DIRECTION('',(0.,-1.,0.));
#1892=DIRECTION('',(0.,0.,-1.));
#1893=DIRECTION('',(0.,-1.,0.));
#1894=DIRECTION('center_axis',(0.,1.,0.));
#1895=DIRECTION('ref_axis',(1.,0.,0.));
#1896=DIRECTION('',(1.,0.,0.));
#1897=DIRECTION('',(0.,0.,-1.));
#1898=DIRECTION('',(1.,0.,0.));
#1899=DIRECTION('center_axis',(-1.,0.,0.));
#1900=DIRECTION('ref_axis',(0.,1.,0.));
#1901=DIRECTION('',(0.,1.,0.));
#1902=DIRECTION('',(0.,1.,0.));
#1903=DIRECTION('center_axis',(0.,0.,-1.));
#1904=DIRECTION('ref_axis',(-1.,0.,0.));
#1905=DIRECTION('center_axis',(1.,0.,0.));
#1906=DIRECTION('ref_axis',(0.,-1.,0.));
#1907=DIRECTION('',(0.,-1.,0.));
#1908=DIRECTION('',(0.,0.,-1.));
#1909=DIRECTION('',(0.,-1.,0.));
#1910=DIRECTION('',(0.,0.,-1.));
#1911=DIRECTION('center_axis',(0.,1.,0.));
#1912=DIRECTION('ref_axis',(1.,0.,0.));
#1913=DIRECTION('',(1.,0.,0.));
#1914=DIRECTION('',(0.,0.,-1.));
#1915=DIRECTION('',(1.,0.,0.));
#1916=DIRECTION('center_axis',(-1.,0.,0.));
#1917=DIRECTION('ref_axis',(0.,1.,0.));
#1918=DIRECTION('',(0.,1.,0.));
#1919=DIRECTION('',(0.,0.,-1.));
#1920=DIRECTION('',(0.,1.,0.));
#1921=DIRECTION('center_axis',(0.,-1.,0.));
#1922=DIRECTION('ref_axis',(-1.,0.,0.));
#1923=DIRECTION('',(-1.,0.,0.));
#1924=DIRECTION('',(-1.,0.,0.));
#1925=DIRECTION('center_axis',(0.,0.,-1.));
#1926=DIRECTION('ref_axis',(-1.,0.,0.));
#1927=DIRECTION('center_axis',(0.,-1.,0.));
#1928=DIRECTION('ref_axis',(-1.,0.,0.));
#1929=DIRECTION('',(-1.,0.,0.));
#1930=DIRECTION('',(0.,0.,-1.));
#1931=DIRECTION('',(-1.,0.,0.));
#1932=DIRECTION('',(0.,0.,-1.));
#1933=DIRECTION('center_axis',(1.,0.,0.));
#1934=DIRECTION('ref_axis',(0.,-1.,0.));
#1935=DIRECTION('',(0.,-1.,0.));
#1936=DIRECTION('',(0.,0.,-1.));
#1937=DIRECTION('',(0.,-1.,0.));
#1938=DIRECTION('center_axis',(-1.49011558647771E-8,1.,0.));
#1939=DIRECTION('ref_axis',(1.,1.49011558647771E-8,0.));
#1940=DIRECTION('',(1.,1.49011558647771E-8,0.));
#1941=DIRECTION('',(0.,0.,-1.));
#1942=DIRECTION('',(1.,1.49011558647771E-8,0.));
#1943=DIRECTION('center_axis',(-1.,0.,0.));
#1944=DIRECTION('ref_axis',(0.,1.,0.));
#1945=DIRECTION('',(0.,1.,0.));
#1946=DIRECTION('',(0.,1.,0.));
#1947=DIRECTION('center_axis',(0.,0.,-1.));
#1948=DIRECTION('ref_axis',(-1.,0.,0.));
#1949=DIRECTION('center_axis',(0.,-1.,0.));
#1950=DIRECTION('ref_axis',(-1.,0.,0.));
#1951=DIRECTION('',(-1.,0.,0.));
#1952=DIRECTION('',(0.,0.,-1.));
#1953=DIRECTION('',(-1.,0.,0.));
#1954=DIRECTION('',(0.,0.,-1.));
#1955=DIRECTION('center_axis',(1.,0.,0.));
#1956=DIRECTION('ref_axis',(0.,-1.,0.));
#1957=DIRECTION('',(0.,-1.,0.));
#1958=DIRECTION('',(0.,0.,-1.));
#1959=DIRECTION('',(0.,-1.,0.));
#1960=DIRECTION('center_axis',(0.,1.,0.));
#1961=DIRECTION('ref_axis',(1.,0.,0.));
#1962=DIRECTION('',(1.,0.,0.));
#1963=DIRECTION('',(0.,0.,-1.));
#1964=DIRECTION('',(1.,0.,0.));
#1965=DIRECTION('center_axis',(-1.,0.,0.));
#1966=DIRECTION('ref_axis',(0.,1.,0.));
#1967=DIRECTION('',(0.,1.,0.));
#1968=DIRECTION('',(0.,1.,0.));
#1969=DIRECTION('center_axis',(0.,0.,-1.));
#1970=DIRECTION('ref_axis',(-1.,0.,0.));
#1971=DIRECTION('center_axis',(0.,-1.,0.));
#1972=DIRECTION('ref_axis',(-1.,0.,0.));
#1973=DIRECTION('',(-1.,0.,0.));
#1974=DIRECTION('',(0.,0.,-1.));
#1975=DIRECTION('',(-1.,0.,0.));
#1976=DIRECTION('',(0.,0.,-1.));
#1977=DIRECTION('center_axis',(1.,0.,0.));
#1978=DIRECTION('ref_axis',(0.,-1.,0.));
#1979=DIRECTION('',(0.,-1.,0.));
#1980=DIRECTION('',(0.,0.,-1.));
#1981=DIRECTION('',(0.,-1.,0.));
#1982=DIRECTION('center_axis',(0.,1.,0.));
#1983=DIRECTION('ref_axis',(1.,0.,0.));
#1984=DIRECTION('',(1.,0.,0.));
#1985=DIRECTION('',(0.,0.,-1.));
#1986=DIRECTION('',(1.,0.,0.));
#1987=DIRECTION('center_axis',(-1.,0.,0.));
#1988=DIRECTION('ref_axis',(0.,1.,0.));
#1989=DIRECTION('',(0.,1.,0.));
#1990=DIRECTION('',(0.,1.,0.));
#1991=DIRECTION('center_axis',(0.,0.,-1.));
#1992=DIRECTION('ref_axis',(-1.,0.,0.));
#1993=DIRECTION('center_axis',(1.,0.,0.));
#1994=DIRECTION('ref_axis',(0.,-1.,0.));
#1995=DIRECTION('',(0.,-1.,0.));
#1996=DIRECTION('',(0.,0.,-1.));
#1997=DIRECTION('',(0.,-1.,0.));
#1998=DIRECTION('',(0.,0.,-1.));
#1999=DIRECTION('center_axis',(0.,1.,0.));
#2000=DIRECTION('ref_axis',(1.,0.,0.));
#2001=DIRECTION('',(1.,0.,0.));
#2002=DIRECTION('',(0.,0.,-1.));
#2003=DIRECTION('',(1.,0.,0.));
#2004=DIRECTION('center_axis',(-1.,0.,0.));
#2005=DIRECTION('ref_axis',(0.,1.,0.));
#2006=DIRECTION('',(0.,1.,0.));
#2007=DIRECTION('',(0.,0.,-1.));
#2008=DIRECTION('',(0.,1.,0.));
#2009=DIRECTION('center_axis',(0.,-1.,0.));
#2010=DIRECTION('ref_axis',(-1.,0.,0.));
#2011=DIRECTION('',(-1.,0.,0.));
#2012=DIRECTION('',(-1.,0.,0.));
#2013=DIRECTION('center_axis',(0.,0.,-1.));
#2014=DIRECTION('ref_axis',(-1.,0.,0.));
#2015=DIRECTION('center_axis',(0.,-1.,0.));
#2016=DIRECTION('ref_axis',(-1.,0.,0.));
#2017=DIRECTION('',(-1.,0.,0.));
#2018=DIRECTION('',(0.,0.,-1.));
#2019=DIRECTION('',(-1.,0.,0.));
#2020=DIRECTION('',(0.,0.,-1.));
#2021=DIRECTION('center_axis',(1.,0.,0.));
#2022=DIRECTION('ref_axis',(0.,-1.,0.));
#2023=DIRECTION('',(0.,-1.,0.));
#2024=DIRECTION('',(0.,0.,-1.));
#2025=DIRECTION('',(0.,-1.,0.));
#2026=DIRECTION('center_axis',(-1.49011558647771E-8,1.,0.));
#2027=DIRECTION('ref_axis',(1.,1.49011558647771E-8,0.));
#2028=DIRECTION('',(1.,1.49011558647771E-8,0.));
#2029=DIRECTION('',(0.,0.,-1.));
#2030=DIRECTION('',(1.,1.49011558647771E-8,0.));
#2031=DIRECTION('center_axis',(-1.,0.,0.));
#2032=DIRECTION('ref_axis',(0.,1.,0.));
#2033=DIRECTION('',(0.,1.,0.));
#2034=DIRECTION('',(0.,1.,0.));
#2035=DIRECTION('center_axis',(0.,0.,-1.));
#2036=DIRECTION('ref_axis',(-1.,0.,0.));
#2037=DIRECTION('center_axis',(0.,-1.,0.));
#2038=DIRECTION('ref_axis',(-1.,0.,0.));
#2039=DIRECTION('',(-1.,0.,0.));
#2040=DIRECTION('',(0.,0.,-1.));
#2041=DIRECTION('',(-1.,0.,0.));
#2042=DIRECTION('',(0.,0.,-1.));
#2043=DIRECTION('center_axis',(1.,0.,0.));
#2044=DIRECTION('ref_axis',(0.,-1.,0.));
#2045=DIRECTION('',(0.,-1.,0.));
#2046=DIRECTION('',(0.,0.,-1.));
#2047=DIRECTION('',(0.,-1.,0.));
#2048=DIRECTION('center_axis',(0.,1.,0.));
#2049=DIRECTION('ref_axis',(1.,0.,0.));
#2050=DIRECTION('',(1.,0.,0.));
#2051=DIRECTION('',(0.,0.,-1.));
#2052=DIRECTION('',(1.,0.,0.));
#2053=DIRECTION('center_axis',(-1.,0.,0.));
#2054=DIRECTION('ref_axis',(0.,1.,0.));
#2055=DIRECTION('',(0.,1.,0.));
#2056=DIRECTION('',(0.,1.,0.));
#2057=DIRECTION('center_axis',(0.,0.,-1.));
#2058=DIRECTION('ref_axis',(-1.,0.,0.));
#2059=DIRECTION('center_axis',(0.,-1.,0.));
#2060=DIRECTION('ref_axis',(-1.,0.,0.));
#2061=DIRECTION('',(-1.,0.,0.));
#2062=DIRECTION('',(0.,0.,-1.));
#2063=DIRECTION('',(-1.,0.,0.));
#2064=DIRECTION('',(0.,0.,-1.));
#2065=DIRECTION('center_axis',(1.,0.,0.));
#2066=DIRECTION('ref_axis',(0.,-1.,0.));
#2067=DIRECTION('',(0.,-1.,0.));
#2068=DIRECTION('',(0.,0.,-1.));
#2069=DIRECTION('',(0.,-1.,0.));
#2070=DIRECTION('center_axis',(0.,1.,0.));
#2071=DIRECTION('ref_axis',(1.,0.,0.));
#2072=DIRECTION('',(1.,0.,0.));
#2073=DIRECTION('',(0.,0.,-1.));
#2074=DIRECTION('',(1.,0.,0.));
#2075=DIRECTION('center_axis',(-1.,0.,0.));
#2076=DIRECTION('ref_axis',(0.,1.,0.));
#2077=DIRECTION('',(0.,1.,0.));
#2078=DIRECTION('',(0.,1.,0.));
#2079=DIRECTION('center_axis',(0.,0.,-1.));
#2080=DIRECTION('ref_axis',(-1.,0.,0.));
#2081=DIRECTION('center_axis',(1.,0.,0.));
#2082=DIRECTION('ref_axis',(0.,-1.,0.));
#2083=DIRECTION('',(0.,-1.,0.));
#2084=DIRECTION('',(0.,0.,-1.));
#2085=DIRECTION('',(0.,-1.,0.));
#2086=DIRECTION('',(0.,0.,-1.));
#2087=DIRECTION('center_axis',(0.,1.,0.));
#2088=DIRECTION('ref_axis',(1.,0.,0.));
#2089=DIRECTION('',(1.,0.,0.));
#2090=DIRECTION('',(0.,0.,-1.));
#2091=DIRECTION('',(1.,0.,0.));
#2092=DIRECTION('center_axis',(-1.,0.,0.));
#2093=DIRECTION('ref_axis',(0.,1.,0.));
#2094=DIRECTION('',(0.,1.,0.));
#2095=DIRECTION('',(0.,0.,-1.));
#2096=DIRECTION('',(0.,1.,0.));
#2097=DIRECTION('center_axis',(0.,-1.,0.));
#2098=DIRECTION('ref_axis',(-1.,0.,0.));
#2099=DIRECTION('',(-1.,0.,0.));
#2100=DIRECTION('',(-1.,0.,0.));
#2101=DIRECTION('center_axis',(0.,0.,-1.));
#2102=DIRECTION('ref_axis',(-1.,0.,0.));
#2103=DIRECTION('center_axis',(0.,-1.,0.));
#2104=DIRECTION('ref_axis',(-1.,0.,0.));
#2105=DIRECTION('',(-1.,0.,0.));
#2106=DIRECTION('',(0.,0.,-1.));
#2107=DIRECTION('',(-1.,0.,0.));
#2108=DIRECTION('',(0.,0.,-1.));
#2109=DIRECTION('center_axis',(1.,0.,0.));
#2110=DIRECTION('ref_axis',(0.,-1.,0.));
#2111=DIRECTION('',(0.,-1.,0.));
#2112=DIRECTION('',(0.,0.,-1.));
#2113=DIRECTION('',(0.,-1.,0.));
#2114=DIRECTION('center_axis',(-1.49011558647771E-8,1.,0.));
#2115=DIRECTION('ref_axis',(1.,1.49011558647771E-8,0.));
#2116=DIRECTION('',(1.,1.49011558647771E-8,0.));
#2117=DIRECTION('',(0.,0.,-1.));
#2118=DIRECTION('',(1.,1.49011558647771E-8,0.));
#2119=DIRECTION('center_axis',(-1.,0.,0.));
#2120=DIRECTION('ref_axis',(0.,1.,0.));
#2121=DIRECTION('',(0.,1.,0.));
#2122=DIRECTION('',(0.,1.,0.));
#2123=DIRECTION('center_axis',(0.,0.,-1.));
#2124=DIRECTION('ref_axis',(-1.,0.,0.));
#2125=DIRECTION('center_axis',(0.,-1.,0.));
#2126=DIRECTION('ref_axis',(-1.,0.,0.));
#2127=DIRECTION('',(-1.,0.,0.));
#2128=DIRECTION('',(0.,0.,-1.));
#2129=DIRECTION('',(-1.,0.,0.));
#2130=DIRECTION('',(0.,0.,-1.));
#2131=DIRECTION('center_axis',(1.,0.,0.));
#2132=DIRECTION('ref_axis',(0.,-1.,0.));
#2133=DIRECTION('',(0.,-1.,0.));
#2134=DIRECTION('',(0.,0.,-1.));
#2135=DIRECTION('',(0.,-1.,0.));
#2136=DIRECTION('center_axis',(0.,1.,0.));
#2137=DIRECTION('ref_axis',(1.,0.,0.));
#2138=DIRECTION('',(1.,0.,0.));
#2139=DIRECTION('',(0.,0.,-1.));
#2140=DIRECTION('',(1.,0.,0.));
#2141=DIRECTION('center_axis',(-1.,0.,0.));
#2142=DIRECTION('ref_axis',(0.,1.,0.));
#2143=DIRECTION('',(0.,1.,0.));
#2144=DIRECTION('',(0.,1.,0.));
#2145=DIRECTION('center_axis',(0.,0.,-1.));
#2146=DIRECTION('ref_axis',(-1.,0.,0.));
#2147=DIRECTION('center_axis',(1.,0.,0.));
#2148=DIRECTION('ref_axis',(0.,-1.,0.));
#2149=DIRECTION('',(0.,-1.,0.));
#2150=DIRECTION('',(0.,0.,-1.));
#2151=DIRECTION('',(0.,-1.,0.));
#2152=DIRECTION('',(0.,0.,-1.));
#2153=DIRECTION('center_axis',(0.,1.,0.));
#2154=DIRECTION('ref_axis',(1.,0.,0.));
#2155=DIRECTION('',(1.,0.,0.));
#2156=DIRECTION('',(0.,0.,-1.));
#2157=DIRECTION('',(1.,0.,0.));
#2158=DIRECTION('center_axis',(-1.,0.,0.));
#2159=DIRECTION('ref_axis',(0.,1.,0.));
#2160=DIRECTION('',(0.,1.,0.));
#2161=DIRECTION('',(0.,0.,-1.));
#2162=DIRECTION('',(0.,1.,0.));
#2163=DIRECTION('center_axis',(0.,-1.,0.));
#2164=DIRECTION('ref_axis',(-1.,0.,0.));
#2165=DIRECTION('',(-1.,0.,0.));
#2166=DIRECTION('',(-1.,0.,0.));
#2167=DIRECTION('center_axis',(0.,0.,-1.));
#2168=DIRECTION('ref_axis',(-1.,0.,0.));
#2169=DIRECTION('center_axis',(0.,-1.,0.));
#2170=DIRECTION('ref_axis',(-1.,0.,0.));
#2171=DIRECTION('',(-1.,0.,0.));
#2172=DIRECTION('',(0.,0.,-1.));
#2173=DIRECTION('',(-1.,0.,0.));
#2174=DIRECTION('',(0.,0.,-1.));
#2175=DIRECTION('center_axis',(1.,0.,0.));
#2176=DIRECTION('ref_axis',(0.,-1.,0.));
#2177=DIRECTION('',(0.,-1.,0.));
#2178=DIRECTION('',(0.,0.,-1.));
#2179=DIRECTION('',(0.,-1.,0.));
#2180=DIRECTION('center_axis',(0.,1.,0.));
#2181=DIRECTION('ref_axis',(1.,0.,0.));
#2182=DIRECTION('',(1.,0.,0.));
#2183=DIRECTION('',(0.,0.,-1.));
#2184=DIRECTION('',(1.,0.,0.));
#2185=DIRECTION('center_axis',(-1.,0.,0.));
#2186=DIRECTION('ref_axis',(0.,1.,0.));
#2187=DIRECTION('',(0.,1.,0.));
#2188=DIRECTION('',(0.,1.,0.));
#2189=DIRECTION('center_axis',(0.,0.,-1.));
#2190=DIRECTION('ref_axis',(-1.,0.,0.));
#2191=DIRECTION('center_axis',(0.,-1.,0.));
#2192=DIRECTION('ref_axis',(-1.,0.,0.));
#2193=DIRECTION('',(-1.,0.,0.));
#2194=DIRECTION('',(0.,0.,-1.));
#2195=DIRECTION('',(-1.,0.,0.));
#2196=DIRECTION('',(0.,0.,-1.));
#2197=DIRECTION('center_axis',(1.,0.,0.));
#2198=DIRECTION('ref_axis',(0.,-1.,0.));
#2199=DIRECTION('',(0.,-1.,0.));
#2200=DIRECTION('',(0.,0.,-1.));
#2201=DIRECTION('',(0.,-1.,0.));
#2202=DIRECTION('center_axis',(-1.49011558647771E-8,1.,0.));
#2203=DIRECTION('ref_axis',(1.,1.49011558647771E-8,0.));
#2204=DIRECTION('',(1.,1.49011558647771E-8,0.));
#2205=DIRECTION('',(0.,0.,-1.));
#2206=DIRECTION('',(1.,1.49011558647771E-8,0.));
#2207=DIRECTION('center_axis',(-1.,0.,0.));
#2208=DIRECTION('ref_axis',(0.,1.,0.));
#2209=DIRECTION('',(0.,1.,0.));
#2210=DIRECTION('',(0.,1.,0.));
#2211=DIRECTION('center_axis',(0.,0.,-1.));
#2212=DIRECTION('ref_axis',(-1.,0.,0.));
#2213=DIRECTION('center_axis',(0.,-1.,0.));
#2214=DIRECTION('ref_axis',(-1.,0.,0.));
#2215=DIRECTION('',(-1.,0.,0.));
#2216=DIRECTION('',(0.,0.,-1.));
#2217=DIRECTION('',(-1.,0.,0.));
#2218=DIRECTION('',(0.,0.,-1.));
#2219=DIRECTION('center_axis',(1.,0.,0.));
#2220=DIRECTION('ref_axis',(0.,-1.,0.));
#2221=DIRECTION('',(0.,-1.,0.));
#2222=DIRECTION('',(0.,0.,-1.));
#2223=DIRECTION('',(0.,-1.,0.));
#2224=DIRECTION('center_axis',(0.,1.,0.));
#2225=DIRECTION('ref_axis',(1.,0.,0.));
#2226=DIRECTION('',(1.,0.,0.));
#2227=DIRECTION('',(0.,0.,-1.));
#2228=DIRECTION('',(1.,0.,0.));
#2229=DIRECTION('center_axis',(-1.,0.,0.));
#2230=DIRECTION('ref_axis',(0.,1.,0.));
#2231=DIRECTION('',(0.,1.,0.));
#2232=DIRECTION('',(0.,1.,0.));
#2233=DIRECTION('center_axis',(0.,0.,-1.));
#2234=DIRECTION('ref_axis',(-1.,0.,0.));
#2235=DIRECTION('center_axis',(0.,0.,-1.));
#2236=DIRECTION('ref_axis',(1.,0.,0.));
#2237=DIRECTION('center_axis',(0.,0.,-1.));
#2238=DIRECTION('ref_axis',(1.,0.,0.));
#2239=DIRECTION('',(0.,0.,-1.));
#2240=DIRECTION('center_axis',(0.,0.,-1.));
#2241=DIRECTION('ref_axis',(1.,0.,0.));
#2242=DIRECTION('center_axis',(0.,0.,-1.));
#2243=DIRECTION('ref_axis',(1.,0.,0.));
#2244=DIRECTION('center_axis',(0.,0.,-1.));
#2245=DIRECTION('ref_axis',(1.,0.,0.));
#2246=DIRECTION('',(0.,0.,-1.));
#2247=DIRECTION('center_axis',(0.,0.,-1.));
#2248=DIRECTION('ref_axis',(1.,0.,0.));
#2249=DIRECTION('center_axis',(0.,0.,-1.));
#2250=DIRECTION('ref_axis',(1.,0.,0.));
#2251=DIRECTION('center_axis',(0.,0.,-1.));
#2252=DIRECTION('ref_axis',(1.,0.,0.));
#2253=DIRECTION('',(0.,0.,-1.));
#2254=DIRECTION('center_axis',(0.,0.,-1.));
#2255=DIRECTION('ref_axis',(1.,0.,0.));
#2256=DIRECTION('center_axis',(0.,0.,-1.));
#2257=DIRECTION('ref_axis',(1.,0.,0.));
#2258=DIRECTION('center_axis',(0.,0.,-1.));
#2259=DIRECTION('ref_axis',(1.,0.,0.));
#2260=DIRECTION('',(0.,0.,-1.));
#2261=DIRECTION('center_axis',(0.,0.,-1.));
#2262=DIRECTION('ref_axis',(1.,0.,0.));
#2263=DIRECTION('center_axis',(0.,0.,-1.));
#2264=DIRECTION('ref_axis',(1.,0.,0.));
#2265=DIRECTION('center_axis',(0.,0.,-1.));
#2266=DIRECTION('ref_axis',(1.,0.,0.));
#2267=DIRECTION('',(0.,0.,-1.));
#2268=DIRECTION('center_axis',(0.,0.,-1.));
#2269=DIRECTION('ref_axis',(1.,0.,0.));
#2270=DIRECTION('center_axis',(0.,0.,-1.));
#2271=DIRECTION('ref_axis',(1.,0.,0.));
#2272=DIRECTION('center_axis',(0.,0.,-1.));
#2273=DIRECTION('ref_axis',(1.,0.,0.));
#2274=DIRECTION('',(0.,0.,-1.));
#2275=DIRECTION('center_axis',(0.,0.,-1.));
#2276=DIRECTION('ref_axis',(1.,0.,0.));
#2277=DIRECTION('center_axis',(0.,0.,-1.));
#2278=DIRECTION('ref_axis',(1.,0.,0.));
#2279=DIRECTION('center_axis',(0.,0.,-1.));
#2280=DIRECTION('ref_axis',(1.,0.,0.));
#2281=DIRECTION('',(0.,0.,-1.));
#2282=DIRECTION('center_axis',(0.,0.,-1.));
#2283=DIRECTION('ref_axis',(1.,0.,0.));
#2284=DIRECTION('center_axis',(0.,0.,-1.));
#2285=DIRECTION('ref_axis',(1.,0.,0.));
#2286=DIRECTION('center_axis',(0.,0.,-1.));
#2287=DIRECTION('ref_axis',(1.,0.,0.));
#2288=DIRECTION('',(0.,0.,-1.));
#2289=DIRECTION('center_axis',(0.,0.,-1.));
#2290=DIRECTION('ref_axis',(1.,0.,0.));
#2291=DIRECTION('center_axis',(0.,0.,-1.));
#2292=DIRECTION('ref_axis',(1.,0.,0.));
#2293=DIRECTION('center_axis',(0.,0.,-1.));
#2294=DIRECTION('ref_axis',(1.,0.,0.));
#2295=DIRECTION('',(0.,0.,-1.));
#2296=DIRECTION('center_axis',(0.,0.,-1.));
#2297=DIRECTION('ref_axis',(1.,0.,0.));
#2298=DIRECTION('center_axis',(0.,1.,0.));
#2299=DIRECTION('ref_axis',(-1.,0.,0.));
#2300=DIRECTION('',(-1.,0.,0.));
#2301=DIRECTION('',(0.,0.,1.));
#2302=DIRECTION('',(-1.,0.,0.));
#2303=DIRECTION('',(0.,0.,1.));
#2304=DIRECTION('center_axis',(1.,0.,0.));
#2305=DIRECTION('ref_axis',(0.,1.,0.));
#2306=DIRECTION('',(0.,1.,0.));
#2307=DIRECTION('',(0.,1.,0.));
#2308=DIRECTION('',(0.,0.,1.));
#2309=DIRECTION('center_axis',(0.,-1.,0.));
#2310=DIRECTION('ref_axis',(1.,0.,0.));
#2311=DIRECTION('',(1.,0.,0.));
#2312=DIRECTION('',(1.,0.,0.));
#2313=DIRECTION('',(0.,0.,1.));
#2314=DIRECTION('center_axis',(-1.,0.,0.));
#2315=DIRECTION('ref_axis',(0.,-1.,0.));
#2316=DIRECTION('',(0.,-1.,0.));
#2317=DIRECTION('',(0.,-1.,0.));
#2318=DIRECTION('center_axis',(0.,0.,1.));
#2319=DIRECTION('ref_axis',(1.,0.,0.));
#2320=DIRECTION('center_axis',(0.,0.,1.));
#2321=DIRECTION('ref_axis',(1.,0.,0.));
#2322=CARTESIAN_POINT('',(0.,0.,0.));
#2323=CARTESIAN_POINT('Origin',(260.000000596046,246.,5.));
#2324=CARTESIAN_POINT('',(260.000000596046,246.,5.));
#2325=CARTESIAN_POINT('',(256.000000596046,246.,5.));
#2326=CARTESIAN_POINT('',(250.000000298023,246.,5.));
#2327=CARTESIAN_POINT('',(260.000000596046,246.,2.5));
#2328=CARTESIAN_POINT('',(260.000000596046,246.,5.));
#2329=CARTESIAN_POINT('',(256.000000596046,246.,2.5));
#2330=CARTESIAN_POINT('',(256.000000596046,246.,2.5));
#2331=CARTESIAN_POINT('',(256.000000596046,246.,5.));
#2332=CARTESIAN_POINT('Origin',(260.000000596046,250.,5.));
#2333=CARTESIAN_POINT('',(260.000000596046,250.,5.));
#2334=CARTESIAN_POINT('',(260.000000596046,195.,5.));
#2335=CARTESIAN_POINT('',(260.000000596046,250.,2.5));
#2336=CARTESIAN_POINT('',(260.000000596046,250.,5.));
#2337=CARTESIAN_POINT('',(260.000000596046,246.,2.5));
#2338=CARTESIAN_POINT('Origin',(256.000000596046,250.,5.));
#2339=CARTESIAN_POINT('',(256.000000596046,250.,5.));
#2340=CARTESIAN_POINT('',(248.000000298023,250.,5.));
#2341=CARTESIAN_POINT('',(256.000000596046,250.,2.5));
#2342=CARTESIAN_POINT('',(256.000000596046,250.,5.));
#2343=CARTESIAN_POINT('',(260.000000596046,250.,2.5));
#2344=CARTESIAN_POINT('Origin',(256.000000596046,246.,5.));
#2345=CARTESIAN_POINT('',(256.000000596046,193.,5.));
#2346=CARTESIAN_POINT('',(256.000000596046,250.,2.5));
#2347=CARTESIAN_POINT('Origin',(258.000000596046,248.,2.5));
#2348=CARTESIAN_POINT('Origin',(285.,198.000000506639,5.));
#2349=CARTESIAN_POINT('',(285.,198.000000506639,5.));
#2350=CARTESIAN_POINT('',(285.,194.000000506639,5.));
#2351=CARTESIAN_POINT('',(285.,169.00000025332,5.));
#2352=CARTESIAN_POINT('',(285.,198.000000506639,2.5));
#2353=CARTESIAN_POINT('',(285.,198.000000506639,5.));
#2354=CARTESIAN_POINT('',(285.,194.000000506639,2.5));
#2355=CARTESIAN_POINT('',(285.,198.000000506639,2.5));
#2356=CARTESIAN_POINT('',(285.,194.000000506639,5.));
#2357=CARTESIAN_POINT('Origin',(281.,198.000000506639,5.));
#2358=CARTESIAN_POINT('',(281.,198.000000506639,5.));
#2359=CARTESIAN_POINT('',(260.5,198.000000506639,5.));
#2360=CARTESIAN_POINT('',(281.,198.000000506639,2.5));
#2361=CARTESIAN_POINT('',(281.,198.000000506639,5.));
#2362=CARTESIAN_POINT('',(281.,198.000000506639,2.5));
#2363=CARTESIAN_POINT('Origin',(281.,194.000000506639,5.));
#2364=CARTESIAN_POINT('',(281.,194.000000506639,5.));
#2365=CARTESIAN_POINT('',(281.,167.00000025332,5.));
#2366=CARTESIAN_POINT('',(281.,194.000000506639,2.5));
#2367=CARTESIAN_POINT('',(281.,194.000000506639,5.));
#2368=CARTESIAN_POINT('',(281.,194.000000506639,2.5));
#2369=CARTESIAN_POINT('Origin',(285.,194.000000506639,5.));
#2370=CARTESIAN_POINT('',(262.5,194.000000506639,5.));
#2371=CARTESIAN_POINT('',(285.,194.000000506639,2.5));
#2372=CARTESIAN_POINT('Origin',(283.,196.000000506639,2.5));
#2373=CARTESIAN_POINT('Origin',(285.000000596046,246.000000506639,5.));
#2374=CARTESIAN_POINT('',(285.000000596046,246.000000506639,5.));
#2375=CARTESIAN_POINT('',(281.000000596046,246.000000506639,5.));
#2376=CARTESIAN_POINT('',(262.500000298023,246.00000050664,5.));
#2377=CARTESIAN_POINT('',(285.000000596046,246.000000506639,2.5));
#2378=CARTESIAN_POINT('',(285.000000596046,246.000000506639,5.));
#2379=CARTESIAN_POINT('',(281.000000596046,246.000000506639,2.5));
#2380=CARTESIAN_POINT('',(281.000000596046,246.000000506639,2.5));
#2381=CARTESIAN_POINT('',(281.000000596046,246.000000506639,5.));
#2382=CARTESIAN_POINT('Origin',(285.000000596046,250.000000566244,5.));
#2383=CARTESIAN_POINT('',(285.000000596046,250.000000566244,5.));
#2384=CARTESIAN_POINT('',(285.000000596046,195.000000283122,5.));
#2385=CARTESIAN_POINT('',(285.000000596046,250.000000566244,2.5));
#2386=CARTESIAN_POINT('',(285.000000596046,250.000000566244,5.));
#2387=CARTESIAN_POINT('',(285.000000596046,246.000000506639,2.5));
#2388=CARTESIAN_POINT('Origin',(281.000000596046,250.000000506639,5.));
#2389=CARTESIAN_POINT('',(281.000000596046,250.000000506639,5.));
#2390=CARTESIAN_POINT('',(260.49999947846,250.000000201166,5.));
#2391=CARTESIAN_POINT('',(281.000000596046,250.000000506639,2.5));
#2392=CARTESIAN_POINT('',(281.000000596046,250.000000506639,5.));
#2393=CARTESIAN_POINT('',(285.000000596046,250.000000566244,2.5));
#2394=CARTESIAN_POINT('Origin',(281.000000596046,246.000000506639,5.));
#2395=CARTESIAN_POINT('',(281.000000596046,193.00000025332,5.));
#2396=CARTESIAN_POINT('',(281.000000596046,250.000000506639,2.5));
#2397=CARTESIAN_POINT('Origin',(283.000000596046,248.000000536442,2.5));
#2398=CARTESIAN_POINT('Origin',(260.,194.,5.));
#2399=CARTESIAN_POINT('',(260.,194.,5.));
#2400=CARTESIAN_POINT('',(256.,194.,5.));
#2401=CARTESIAN_POINT('',(250.,194.,5.));
#2402=CARTESIAN_POINT('',(260.,194.,2.5));
#2403=CARTESIAN_POINT('',(260.,194.,5.));
#2404=CARTESIAN_POINT('',(256.,194.,2.5));
#2405=CARTESIAN_POINT('',(256.,194.,2.5));
#2406=CARTESIAN_POINT('',(256.,194.,5.));
#2407=CARTESIAN_POINT('Origin',(260.,198.,5.));
#2408=CARTESIAN_POINT('',(260.,198.,5.));
#2409=CARTESIAN_POINT('',(260.,169.,5.));
#2410=CARTESIAN_POINT('',(260.,198.,2.5));
#2411=CARTESIAN_POINT('',(260.,198.,5.));
#2412=CARTESIAN_POINT('',(260.,194.,2.5));
#2413=CARTESIAN_POINT('Origin',(256.,198.,5.));
#2414=CARTESIAN_POINT('',(256.,198.,5.));
#2415=CARTESIAN_POINT('',(248.,198.,5.));
#2416=CARTESIAN_POINT('',(256.,198.,2.5));
#2417=CARTESIAN_POINT('',(256.,198.,5.));
#2418=CARTESIAN_POINT('',(260.,198.,2.5));
#2419=CARTESIAN_POINT('Origin',(256.,194.,5.));
#2420=CARTESIAN_POINT('',(256.,167.,5.));
#2421=CARTESIAN_POINT('',(256.,198.,2.5));
#2422=CARTESIAN_POINT('Origin',(258.,196.,2.5));
#2423=CARTESIAN_POINT('Origin',(170.000000596046,246.,5.));
#2424=CARTESIAN_POINT('',(170.000000596046,246.,5.));
#2425=CARTESIAN_POINT('',(166.000000596046,246.,5.));
#2426=CARTESIAN_POINT('',(205.000000298023,246.,5.));
#2427=CARTESIAN_POINT('',(170.000000596046,246.,2.5));
#2428=CARTESIAN_POINT('',(170.000000596046,246.,5.));
#2429=CARTESIAN_POINT('',(166.000000596046,246.,2.5));
#2430=CARTESIAN_POINT('',(166.000000596046,246.,2.5));
#2431=CARTESIAN_POINT('',(166.000000596046,246.,5.));
#2432=CARTESIAN_POINT('Origin',(170.000000596046,250.,5.));
#2433=CARTESIAN_POINT('',(170.000000596046,250.,5.));
#2434=CARTESIAN_POINT('',(170.000000596046,195.,5.));
#2435=CARTESIAN_POINT('',(170.000000596046,250.,2.5));
#2436=CARTESIAN_POINT('',(170.000000596046,250.,5.));
#2437=CARTESIAN_POINT('',(170.000000596046,246.,2.5));
#2438=CARTESIAN_POINT('Origin',(166.000000596046,250.,5.));
#2439=CARTESIAN_POINT('',(166.000000596046,250.,5.));
#2440=CARTESIAN_POINT('',(203.000000298023,250.,5.));
#2441=CARTESIAN_POINT('',(166.000000596046,250.,2.5));
#2442=CARTESIAN_POINT('',(166.000000596046,250.,5.));
#2443=CARTESIAN_POINT('',(170.000000596046,250.,2.5));
#2444=CARTESIAN_POINT('Origin',(166.000000596046,246.,5.));
#2445=CARTESIAN_POINT('',(166.000000596046,193.,5.));
#2446=CARTESIAN_POINT('',(166.000000596046,250.,2.5));
#2447=CARTESIAN_POINT('Origin',(168.000000596046,248.,2.5));
#2448=CARTESIAN_POINT('Origin',(195.,198.000000506639,5.));
#2449=CARTESIAN_POINT('',(195.,198.000000506639,5.));
#2450=CARTESIAN_POINT('',(195.,194.000000506639,5.));
#2451=CARTESIAN_POINT('',(195.,169.00000025332,5.));
#2452=CARTESIAN_POINT('',(195.,198.000000506639,2.5));
#2453=CARTESIAN_POINT('',(195.,198.000000506639,5.));
#2454=CARTESIAN_POINT('',(195.,194.000000506639,2.5));
#2455=CARTESIAN_POINT('',(195.,198.000000506639,2.5));
#2456=CARTESIAN_POINT('',(195.,194.000000506639,5.));
#2457=CARTESIAN_POINT('Origin',(191.,198.000000506639,5.));
#2458=CARTESIAN_POINT('',(191.,198.000000506639,5.));
#2459=CARTESIAN_POINT('',(215.5,198.000000506639,5.));
#2460=CARTESIAN_POINT('',(191.,198.000000506639,2.5));
#2461=CARTESIAN_POINT('',(191.,198.000000506639,5.));
#2462=CARTESIAN_POINT('',(191.,198.000000506639,2.5));
#2463=CARTESIAN_POINT('Origin',(191.,194.000000506639,5.));
#2464=CARTESIAN_POINT('',(191.,194.000000506639,5.));
#2465=CARTESIAN_POINT('',(191.,167.00000025332,5.));
#2466=CARTESIAN_POINT('',(191.,194.000000506639,2.5));
#2467=CARTESIAN_POINT('',(191.,194.000000506639,5.));
#2468=CARTESIAN_POINT('',(191.,194.000000506639,2.5));
#2469=CARTESIAN_POINT('Origin',(195.,194.000000506639,5.));
#2470=CARTESIAN_POINT('',(217.5,194.000000506639,5.));
#2471=CARTESIAN_POINT('',(195.,194.000000506639,2.5));
#2472=CARTESIAN_POINT('Origin',(193.,196.000000506639,2.5));
#2473=CARTESIAN_POINT('Origin',(195.000000596046,246.000000506639,5.));
#2474=CARTESIAN_POINT('',(195.000000596046,246.000000506639,5.));
#2475=CARTESIAN_POINT('',(191.000000596046,246.000000506639,5.));
#2476=CARTESIAN_POINT('',(217.500000298023,246.00000050664,5.));
#2477=CARTESIAN_POINT('',(195.000000596046,246.000000506639,2.5));
#2478=CARTESIAN_POINT('',(195.000000596046,246.000000506639,5.));
#2479=CARTESIAN_POINT('',(191.000000596046,246.000000506639,2.5));
#2480=CARTESIAN_POINT('',(191.000000596046,246.000000506639,2.5));
#2481=CARTESIAN_POINT('',(191.000000596046,246.000000506639,5.));
#2482=CARTESIAN_POINT('Origin',(195.000000596046,250.000000566244,5.));
#2483=CARTESIAN_POINT('',(195.000000596046,250.000000566244,5.));
#2484=CARTESIAN_POINT('',(195.000000596046,195.000000283122,5.));
#2485=CARTESIAN_POINT('',(195.000000596046,250.000000566244,2.5));
#2486=CARTESIAN_POINT('',(195.000000596046,250.000000566244,5.));
#2487=CARTESIAN_POINT('',(195.000000596046,246.000000506639,2.5));
#2488=CARTESIAN_POINT('Origin',(191.000000596046,250.000000506639,5.));
#2489=CARTESIAN_POINT('',(191.000000596046,250.000000506639,5.));
#2490=CARTESIAN_POINT('',(215.49999947846,250.000000871718,5.));
#2491=CARTESIAN_POINT('',(191.000000596046,250.000000506639,2.5));
#2492=CARTESIAN_POINT('',(191.000000596046,250.000000506639,5.));
#2493=CARTESIAN_POINT('',(195.000000596046,250.000000566244,2.5));
#2494=CARTESIAN_POINT('Origin',(191.000000596046,246.000000506639,5.));
#2495=CARTESIAN_POINT('',(191.000000596046,193.00000025332,5.));
#2496=CARTESIAN_POINT('',(191.000000596046,250.000000506639,2.5));
#2497=CARTESIAN_POINT('Origin',(193.000000596046,248.000000536442,2.5));
#2498=CARTESIAN_POINT('Origin',(170.,194.,5.));
#2499=CARTESIAN_POINT('',(170.,194.,5.));
#2500=CARTESIAN_POINT('',(166.,194.,5.));
#2501=CARTESIAN_POINT('',(205.,194.,5.));
#2502=CARTESIAN_POINT('',(170.,194.,2.5));
#2503=CARTESIAN_POINT('',(170.,194.,5.));
#2504=CARTESIAN_POINT('',(166.,194.,2.5));
#2505=CARTESIAN_POINT('',(166.,194.,2.5));
#2506=CARTESIAN_POINT('',(166.,194.,5.));
#2507=CARTESIAN_POINT('Origin',(170.,198.,5.));
#2508=CARTESIAN_POINT('',(170.,198.,5.));
#2509=CARTESIAN_POINT('',(170.,169.,5.));
#2510=CARTESIAN_POINT('',(170.,198.,2.5));
#2511=CARTESIAN_POINT('',(170.,198.,5.));
#2512=CARTESIAN_POINT('',(170.,194.,2.5));
#2513=CARTESIAN_POINT('Origin',(166.,198.,5.));
#2514=CARTESIAN_POINT('',(166.,198.,5.));
#2515=CARTESIAN_POINT('',(203.,198.,5.));
#2516=CARTESIAN_POINT('',(166.,198.,2.5));
#2517=CARTESIAN_POINT('',(166.,198.,5.));
#2518=CARTESIAN_POINT('',(170.,198.,2.5));
#2519=CARTESIAN_POINT('Origin',(166.,194.,5.));
#2520=CARTESIAN_POINT('',(166.,167.,5.));
#2521=CARTESIAN_POINT('',(166.,198.,2.5));
#2522=CARTESIAN_POINT('Origin',(168.,196.,2.5));
#2523=CARTESIAN_POINT('Origin',(400.000000596046,246.,5.));
#2524=CARTESIAN_POINT('',(400.000000596046,246.,5.));
#2525=CARTESIAN_POINT('',(396.000000596046,246.,5.));
#2526=CARTESIAN_POINT('',(320.000000298023,246.,5.));
#2527=CARTESIAN_POINT('',(400.000000596046,246.,2.5));
#2528=CARTESIAN_POINT('',(400.000000596046,246.,5.));
#2529=CARTESIAN_POINT('',(396.000000596046,246.,2.5));
#2530=CARTESIAN_POINT('',(396.000000596046,246.,2.5));
#2531=CARTESIAN_POINT('',(396.000000596046,246.,5.));
#2532=CARTESIAN_POINT('Origin',(400.000000596046,250.,5.));
#2533=CARTESIAN_POINT('',(400.000000596046,250.,5.));
#2534=CARTESIAN_POINT('',(400.000000596046,195.,5.));
#2535=CARTESIAN_POINT('',(400.000000596046,250.,2.5));
#2536=CARTESIAN_POINT('',(400.000000596046,250.,5.));
#2537=CARTESIAN_POINT('',(400.000000596046,246.,2.5));
#2538=CARTESIAN_POINT('Origin',(396.000000596046,250.,5.));
#2539=CARTESIAN_POINT('',(396.000000596046,250.,5.));
#2540=CARTESIAN_POINT('',(318.000000298023,250.,5.));
#2541=CARTESIAN_POINT('',(396.000000596046,250.,2.5));
#2542=CARTESIAN_POINT('',(396.000000596046,250.,5.));
#2543=CARTESIAN_POINT('',(400.000000596046,250.,2.5));
#2544=CARTESIAN_POINT('Origin',(396.000000596046,246.,5.));
#2545=CARTESIAN_POINT('',(396.000000596046,193.,5.));
#2546=CARTESIAN_POINT('',(396.000000596046,250.,2.5));
#2547=CARTESIAN_POINT('Origin',(398.000000596046,248.,2.5));
#2548=CARTESIAN_POINT('Origin',(425.,198.000000506639,5.));
#2549=CARTESIAN_POINT('',(425.,198.000000506639,5.));
#2550=CARTESIAN_POINT('',(425.,194.000000506639,5.));
#2551=CARTESIAN_POINT('',(425.,169.00000025332,5.));
#2552=CARTESIAN_POINT('',(425.,198.000000506639,2.5));
#2553=CARTESIAN_POINT('',(425.,198.000000506639,5.));
#2554=CARTESIAN_POINT('',(425.,194.000000506639,2.5));
#2555=CARTESIAN_POINT('',(425.,198.000000506639,2.5));
#2556=CARTESIAN_POINT('',(425.,194.000000506639,5.));
#2557=CARTESIAN_POINT('Origin',(421.,198.000000506639,5.));
#2558=CARTESIAN_POINT('',(421.,198.000000506639,5.));
#2559=CARTESIAN_POINT('',(330.5,198.000000506639,5.));
#2560=CARTESIAN_POINT('',(421.,198.000000506639,2.5));
#2561=CARTESIAN_POINT('',(421.,198.000000506639,5.));
#2562=CARTESIAN_POINT('',(421.,198.000000506639,2.5));
#2563=CARTESIAN_POINT('Origin',(421.,194.000000506639,5.));
#2564=CARTESIAN_POINT('',(421.,194.000000506639,5.));
#2565=CARTESIAN_POINT('',(421.,167.00000025332,5.));
#2566=CARTESIAN_POINT('',(421.,194.000000506639,2.5));
#2567=CARTESIAN_POINT('',(421.,194.000000506639,5.));
#2568=CARTESIAN_POINT('',(421.,194.000000506639,2.5));
#2569=CARTESIAN_POINT('Origin',(425.,194.000000506639,5.));
#2570=CARTESIAN_POINT('',(332.5,194.000000506639,5.));
#2571=CARTESIAN_POINT('',(425.,194.000000506639,2.5));
#2572=CARTESIAN_POINT('Origin',(423.,196.000000506639,2.5));
#2573=CARTESIAN_POINT('Origin',(425.000000596046,246.000000506639,5.));
#2574=CARTESIAN_POINT('',(425.000000596046,246.000000506639,5.));
#2575=CARTESIAN_POINT('',(421.000000596046,246.000000506639,5.));
#2576=CARTESIAN_POINT('',(332.500000298023,246.00000050664,5.));
#2577=CARTESIAN_POINT('',(425.000000596046,246.000000506639,2.5));
#2578=CARTESIAN_POINT('',(425.000000596046,246.000000506639,5.));
#2579=CARTESIAN_POINT('',(421.000000596046,246.000000506639,2.5));
#2580=CARTESIAN_POINT('',(421.000000596046,246.000000506639,2.5));
#2581=CARTESIAN_POINT('',(421.000000596046,246.000000506639,5.));
#2582=CARTESIAN_POINT('Origin',(425.000000596046,250.000000566244,5.));
#2583=CARTESIAN_POINT('',(425.000000596046,250.000000566244,5.));
#2584=CARTESIAN_POINT('',(425.000000596046,195.000000283122,5.));
#2585=CARTESIAN_POINT('',(425.000000596046,250.000000566244,2.5));
#2586=CARTESIAN_POINT('',(425.000000596046,250.000000566244,5.));
#2587=CARTESIAN_POINT('',(425.000000596046,246.000000506639,2.5));
#2588=CARTESIAN_POINT('Origin',(421.000000596046,250.000000506639,5.));
#2589=CARTESIAN_POINT('',(421.000000596046,250.000000506639,5.));
#2590=CARTESIAN_POINT('',(330.49999947846,249.999999158085,5.));
#2591=CARTESIAN_POINT('',(421.000000596046,250.000000506639,2.5));
#2592=CARTESIAN_POINT('',(421.000000596046,250.000000506639,5.));
#2593=CARTESIAN_POINT('',(425.000000596046,250.000000566244,2.5));
#2594=CARTESIAN_POINT('Origin',(421.000000596046,246.000000506639,5.));
#2595=CARTESIAN_POINT('',(421.000000596046,193.00000025332,5.));
#2596=CARTESIAN_POINT('',(421.000000596046,250.000000506639,2.5));
#2597=CARTESIAN_POINT('Origin',(423.000000596046,248.000000536442,2.5));
#2598=CARTESIAN_POINT('Origin',(400.,194.,5.));
#2599=CARTESIAN_POINT('',(400.,194.,5.));
#2600=CARTESIAN_POINT('',(396.,194.,5.));
#2601=CARTESIAN_POINT('',(320.,194.,5.));
#2602=CARTESIAN_POINT('',(400.,194.,2.5));
#2603=CARTESIAN_POINT('',(400.,194.,5.));
#2604=CARTESIAN_POINT('',(396.,194.,2.5));
#2605=CARTESIAN_POINT('',(396.,194.,2.5));
#2606=CARTESIAN_POINT('',(396.,194.,5.));
#2607=CARTESIAN_POINT('Origin',(400.,198.,5.));
#2608=CARTESIAN_POINT('',(400.,198.,5.));
#2609=CARTESIAN_POINT('',(400.,169.,5.));
#2610=CARTESIAN_POINT('',(400.,198.,2.5));
#2611=CARTESIAN_POINT('',(400.,198.,5.));
#2612=CARTESIAN_POINT('',(400.,194.,2.5));
#2613=CARTESIAN_POINT('Origin',(396.,198.,5.));
#2614=CARTESIAN_POINT('',(396.,198.,5.));
#2615=CARTESIAN_POINT('',(318.,198.,5.));
#2616=CARTESIAN_POINT('',(396.,198.,2.5));
#2617=CARTESIAN_POINT('',(396.,198.,5.));
#2618=CARTESIAN_POINT('',(400.,198.,2.5));
#2619=CARTESIAN_POINT('Origin',(396.,194.,5.));
#2620=CARTESIAN_POINT('',(396.,167.,5.));
#2621=CARTESIAN_POINT('',(396.,198.,2.5));
#2622=CARTESIAN_POINT('Origin',(398.,196.,2.5));
#2623=CARTESIAN_POINT('Origin',(65.,198.000000506639,5.));
#2624=CARTESIAN_POINT('',(65.,198.000000506639,5.));
#2625=CARTESIAN_POINT('',(65.,194.000000506639,5.));
#2626=CARTESIAN_POINT('',(65.,169.00000025332,5.));
#2627=CARTESIAN_POINT('',(65.,198.000000506639,2.5));
#2628=CARTESIAN_POINT('',(65.,198.000000506639,5.));
#2629=CARTESIAN_POINT('',(65.,194.000000506639,2.5));
#2630=CARTESIAN_POINT('',(65.,198.000000506639,2.5));
#2631=CARTESIAN_POINT('',(65.,194.000000506639,5.));
#2632=CARTESIAN_POINT('Origin',(61.,198.000000506639,5.));
#2633=CARTESIAN_POINT('',(61.,198.000000506639,5.));
#2634=CARTESIAN_POINT('',(150.5,198.000000506639,5.));
#2635=CARTESIAN_POINT('',(61.,198.000000506639,2.5));
#2636=CARTESIAN_POINT('',(61.,198.000000506639,5.));
#2637=CARTESIAN_POINT('',(61.,198.000000506639,2.5));
#2638=CARTESIAN_POINT('Origin',(61.,194.000000506639,5.));
#2639=CARTESIAN_POINT('',(61.,194.000000506639,5.));
#2640=CARTESIAN_POINT('',(61.,167.00000025332,5.));
#2641=CARTESIAN_POINT('',(61.,194.000000506639,2.5));
#2642=CARTESIAN_POINT('',(61.,194.000000506639,5.));
#2643=CARTESIAN_POINT('',(61.,194.000000506639,2.5));
#2644=CARTESIAN_POINT('Origin',(65.,194.000000506639,5.));
#2645=CARTESIAN_POINT('',(152.5,194.000000506639,5.));
#2646=CARTESIAN_POINT('',(65.,194.000000506639,2.5));
#2647=CARTESIAN_POINT('Origin',(63.,196.000000506639,2.5));
#2648=CARTESIAN_POINT('Origin',(40.,194.,5.));
#2649=CARTESIAN_POINT('',(40.,194.,5.));
#2650=CARTESIAN_POINT('',(36.,194.,5.));
#2651=CARTESIAN_POINT('',(140.,194.,5.));
#2652=CARTESIAN_POINT('',(40.,194.,2.5));
#2653=CARTESIAN_POINT('',(40.,194.,5.));
#2654=CARTESIAN_POINT('',(36.,194.,2.5));
#2655=CARTESIAN_POINT('',(36.,194.,2.5));
#2656=CARTESIAN_POINT('',(36.,194.,5.));
#2657=CARTESIAN_POINT('Origin',(40.,198.,5.));
#2658=CARTESIAN_POINT('',(40.,198.,5.));
#2659=CARTESIAN_POINT('',(40.,169.,5.));
#2660=CARTESIAN_POINT('',(40.,198.,2.5));
#2661=CARTESIAN_POINT('',(40.,198.,5.));
#2662=CARTESIAN_POINT('',(40.,194.,2.5));
#2663=CARTESIAN_POINT('Origin',(36.,198.,5.));
#2664=CARTESIAN_POINT('',(36.,198.,5.));
#2665=CARTESIAN_POINT('',(138.,198.,5.));
#2666=CARTESIAN_POINT('',(36.,198.,2.5));
#2667=CARTESIAN_POINT('',(36.,198.,5.));
#2668=CARTESIAN_POINT('',(40.,198.,2.5));
#2669=CARTESIAN_POINT('Origin',(36.,194.,5.));
#2670=CARTESIAN_POINT('',(36.,167.,5.));
#2671=CARTESIAN_POINT('',(36.,198.,2.5));
#2672=CARTESIAN_POINT('Origin',(38.,196.,2.5));
#2673=CARTESIAN_POINT('Origin',(65.0000005960464,246.000000506639,5.));
#2674=CARTESIAN_POINT('',(65.0000005960464,246.000000506639,5.));
#2675=CARTESIAN_POINT('',(61.0000005960464,246.000000506639,5.));
#2676=CARTESIAN_POINT('',(152.500000298023,246.00000050664,5.));
#2677=CARTESIAN_POINT('',(65.0000005960464,246.000000506639,2.5));
#2678=CARTESIAN_POINT('',(65.0000005960464,246.000000506639,5.));
#2679=CARTESIAN_POINT('',(61.0000005960464,246.000000506639,2.5));
#2680=CARTESIAN_POINT('',(61.0000005960464,246.000000506639,2.5));
#2681=CARTESIAN_POINT('',(61.0000005960464,246.000000506639,5.));
#2682=CARTESIAN_POINT('Origin',(65.0000005960464,250.000000566244,5.));
#2683=CARTESIAN_POINT('',(65.0000005960464,250.000000566244,5.));
#2684=CARTESIAN_POINT('',(65.0000005960464,195.000000283122,5.));
#2685=CARTESIAN_POINT('',(65.0000005960464,250.000000566244,2.5));
#2686=CARTESIAN_POINT('',(65.0000005960464,250.000000566244,5.));
#2687=CARTESIAN_POINT('',(65.0000005960464,246.000000506639,2.5));
#2688=CARTESIAN_POINT('Origin',(61.0000005960464,250.000000506639,5.));
#2689=CARTESIAN_POINT('',(61.0000005960464,250.000000506639,5.));
#2690=CARTESIAN_POINT('',(150.49999947846,250.000001840293,5.));
#2691=CARTESIAN_POINT('',(61.0000005960464,250.000000506639,2.5));
#2692=CARTESIAN_POINT('',(61.0000005960464,250.000000506639,5.));
#2693=CARTESIAN_POINT('',(65.0000005960464,250.000000566244,2.5));
#2694=CARTESIAN_POINT('Origin',(61.0000005960464,246.000000506639,5.));
#2695=CARTESIAN_POINT('',(61.0000005960465,193.00000025332,5.));
#2696=CARTESIAN_POINT('',(61.0000005960464,250.000000506639,2.5));
#2697=CARTESIAN_POINT('Origin',(63.0000005960464,248.000000536442,2.5));
#2698=CARTESIAN_POINT('Origin',(40.0000005960464,246.,5.));
#2699=CARTESIAN_POINT('',(40.0000005960464,246.,5.));
#2700=CARTESIAN_POINT('',(36.0000005960464,246.,5.));
#2701=CARTESIAN_POINT('',(140.000000298023,246.,5.));
#2702=CARTESIAN_POINT('',(40.0000005960464,246.,2.5));
#2703=CARTESIAN_POINT('',(40.0000005960464,246.,5.));
#2704=CARTESIAN_POINT('',(36.0000005960464,246.,2.5));
#2705=CARTESIAN_POINT('',(36.0000005960464,246.,2.5));
#2706=CARTESIAN_POINT('',(36.0000005960464,246.,5.));
#2707=CARTESIAN_POINT('Origin',(40.0000005960464,250.,5.));
#2708=CARTESIAN_POINT('',(40.0000005960464,250.,5.));
#2709=CARTESIAN_POINT('',(40.0000005960464,195.,5.));
#2710=CARTESIAN_POINT('',(40.0000005960464,250.,2.5));
#2711=CARTESIAN_POINT('',(40.0000005960464,250.,5.));
#2712=CARTESIAN_POINT('',(40.0000005960464,246.,2.5));
#2713=CARTESIAN_POINT('Origin',(36.0000005960464,250.,5.));
#2714=CARTESIAN_POINT('',(36.0000005960464,250.,5.));
#2715=CARTESIAN_POINT('',(138.000000298023,250.,5.));
#2716=CARTESIAN_POINT('',(36.0000005960464,250.,2.5));
#2717=CARTESIAN_POINT('',(36.0000005960464,250.,5.));
#2718=CARTESIAN_POINT('',(40.0000005960464,250.,2.5));
#2719=CARTESIAN_POINT('Origin',(36.0000005960464,246.,5.));
#2720=CARTESIAN_POINT('',(36.0000005960464,193.,5.));
#2721=CARTESIAN_POINT('',(36.0000005960464,250.,2.5));
#2722=CARTESIAN_POINT('Origin',(38.0000005960464,248.,2.5));
#2723=CARTESIAN_POINT('Origin',(472.1,128.3,6.75));
#2724=CARTESIAN_POINT('',(469.58565,128.3,5.));
#2725=CARTESIAN_POINT('Origin',(472.1,128.3,5.));
#2726=CARTESIAN_POINT('',(469.58565,128.3,0.));
#2727=CARTESIAN_POINT('',(469.58565,128.3,6.75));
#2728=CARTESIAN_POINT('Origin',(472.1,128.3,0.));
#2729=CARTESIAN_POINT('Origin',(472.1,272.1,6.75));
#2730=CARTESIAN_POINT('',(469.58565,272.1,5.));
#2731=CARTESIAN_POINT('Origin',(472.1,272.1,5.));
#2732=CARTESIAN_POINT('',(469.58565,272.1,0.));
#2733=CARTESIAN_POINT('',(469.58565,272.1,6.75));
#2734=CARTESIAN_POINT('Origin',(472.1,272.1,0.));
#2735=CARTESIAN_POINT('Origin',(351.7,272.1,6.75));
#2736=CARTESIAN_POINT('',(349.18565,272.1,5.));
#2737=CARTESIAN_POINT('Origin',(351.7,272.1,5.));
#2738=CARTESIAN_POINT('',(349.18565,272.1,0.));
#2739=CARTESIAN_POINT('',(349.18565,272.1,6.75));
#2740=CARTESIAN_POINT('Origin',(351.7,272.1,0.));
#2741=CARTESIAN_POINT('Origin',(128.3,272.1,6.75));
#2742=CARTESIAN_POINT('',(125.78565,272.1,5.));
#2743=CARTESIAN_POINT('Origin',(128.3,272.1,5.));
#2744=CARTESIAN_POINT('',(125.78565,272.1,0.));
#2745=CARTESIAN_POINT('',(125.78565,272.1,6.75));
#2746=CARTESIAN_POINT('Origin',(128.3,272.1,0.));
#2747=CARTESIAN_POINT('Origin',(7.9,272.1,6.75));
#2748=CARTESIAN_POINT('',(5.38565,272.1,5.));
#2749=CARTESIAN_POINT('Origin',(7.9,272.1,5.));
#2750=CARTESIAN_POINT('',(5.38565,272.1,0.));
#2751=CARTESIAN_POINT('',(5.38565,272.1,6.75));
#2752=CARTESIAN_POINT('Origin',(7.9,272.1,0.));
#2753=CARTESIAN_POINT('Origin',(7.9,128.3,6.75));
#2754=CARTESIAN_POINT('',(5.38565,128.3,5.));
#2755=CARTESIAN_POINT('Origin',(7.9,128.3,5.));
#2756=CARTESIAN_POINT('',(5.38565,128.3,0.));
#2757=CARTESIAN_POINT('',(5.38565,128.3,6.75));
#2758=CARTESIAN_POINT('Origin',(7.9,128.3,0.));
#2759=CARTESIAN_POINT('Origin',(7.9,7.9,6.75));
#2760=CARTESIAN_POINT('',(5.38565,7.9,5.));
#2761=CARTESIAN_POINT('Origin',(7.9,7.9,5.));
#2762=CARTESIAN_POINT('',(5.38565,7.9,0.));
#2763=CARTESIAN_POINT('',(5.38565,7.9,6.75));
#2764=CARTESIAN_POINT('Origin',(7.9,7.9,0.));
#2765=CARTESIAN_POINT('Origin',(226.7,7.9,6.75));
#2766=CARTESIAN_POINT('',(224.18565,7.9,5.));
#2767=CARTESIAN_POINT('Origin',(226.7,7.9,5.));
#2768=CARTESIAN_POINT('',(224.18565,7.9,0.));
#2769=CARTESIAN_POINT('',(224.18565,7.9,6.75));
#2770=CARTESIAN_POINT('Origin',(226.7,7.9,0.));
#2771=CARTESIAN_POINT('Origin',(472.1,7.9,6.75));
#2772=CARTESIAN_POINT('',(469.58565,7.9,5.));
#2773=CARTESIAN_POINT('Origin',(472.1,7.9,5.));
#2774=CARTESIAN_POINT('',(469.58565,7.9,0.));
#2775=CARTESIAN_POINT('',(469.58565,7.9,6.75));
#2776=CARTESIAN_POINT('Origin',(472.1,7.9,0.));
#2777=CARTESIAN_POINT('Origin',(480.,280.,0.));
#2778=CARTESIAN_POINT('',(480.,280.,0.));
#2779=CARTESIAN_POINT('',(0.,280.,0.));
#2780=CARTESIAN_POINT('',(480.,280.,0.));
#2781=CARTESIAN_POINT('',(0.,280.,5.));
#2782=CARTESIAN_POINT('',(0.,280.,0.));
#2783=CARTESIAN_POINT('',(480.,280.,5.));
#2784=CARTESIAN_POINT('',(480.,280.,5.));
#2785=CARTESIAN_POINT('',(480.,280.,0.));
#2786=CARTESIAN_POINT('Origin',(480.,0.,0.));
#2787=CARTESIAN_POINT('',(480.,0.,0.));
#2788=CARTESIAN_POINT('',(480.,0.,0.));
#2789=CARTESIAN_POINT('',(480.,0.,5.));
#2790=CARTESIAN_POINT('',(480.,0.,5.));
#2791=CARTESIAN_POINT('',(480.,0.,0.));
#2792=CARTESIAN_POINT('Origin',(0.,0.,0.));
#2793=CARTESIAN_POINT('',(0.,0.,0.));
#2794=CARTESIAN_POINT('',(0.,0.,0.));
#2795=CARTESIAN_POINT('',(0.,0.,5.));
#2796=CARTESIAN_POINT('',(0.,0.,5.));
#2797=CARTESIAN_POINT('',(0.,0.,0.));
#2798=CARTESIAN_POINT('Origin',(0.,280.,0.));
#2799=CARTESIAN_POINT('',(0.,280.,0.));
#2800=CARTESIAN_POINT('',(0.,280.,5.));
#2801=CARTESIAN_POINT('Origin',(240.,140.,5.));
#2802=CARTESIAN_POINT('Origin',(240.,140.,0.));
#2803=UNCERTAINTY_MEASURE_WITH_UNIT(LENGTH_MEASURE(0.01),#2807,
'DISTANCE_ACCURACY_VALUE',
'Maximum model space distance between geometric entities at asserted c
onnectivities');
#2804=UNCERTAINTY_MEASURE_WITH_UNIT(LENGTH_MEASURE(0.01),#2807,
'DISTANCE_ACCURACY_VALUE',
'Maximum model space distance between geometric entities at asserted c
onnectivities');
#2805=(
GEOMETRIC_REPRESENTATION_CONTEXT(3)
GLOBAL_UNCERTAINTY_ASSIGNED_CONTEXT((#2803))
GLOBAL_UNIT_ASSIGNED_CONTEXT((#2807,#2809,#2810))
REPRESENTATION_CONTEXT('','3D')
);
#2806=(
GEOMETRIC_REPRESENTATION_CONTEXT(3)
GLOBAL_UNCERTAINTY_ASSIGNED_CONTEXT((#2804))
GLOBAL_UNIT_ASSIGNED_CONTEXT((#2807,#2809,#2810))
REPRESENTATION_CONTEXT('','3D')
);
#2807=(
LENGTH_UNIT()
NAMED_UNIT(*)
SI_UNIT(.MILLI.,.METRE.)
);
#2808=(
LENGTH_UNIT()
NAMED_UNIT(*)
SI_UNIT($,.METRE.)
);
#2809=(
NAMED_UNIT(*)
PLANE_ANGLE_UNIT()
SI_UNIT($,.RADIAN.)
);
#2810=(
NAMED_UNIT(*)
SI_UNIT($,.STERADIAN.)
SOLID_ANGLE_UNIT()
);
#2811=SHAPE_DEFINITION_REPRESENTATION(#2812,#2813);
#2812=PRODUCT_DEFINITION_SHAPE('',$,#2815);
#2813=SHAPE_REPRESENTATION('',(#1767),#2805);
#2814=PRODUCT_DEFINITION_CONTEXT('part definition',#2819,'design');
#2815=PRODUCT_DEFINITION('BottomDMXEasy','BottomDMXEasy v2',#2816,#2814);
#2816=PRODUCT_DEFINITION_FORMATION('',$,#2821);
#2817=PRODUCT_RELATED_PRODUCT_CATEGORY('BottomDMXEasy v2',
'BottomDMXEasy v2',(#2821));
#2818=APPLICATION_PROTOCOL_DEFINITION('international standard',
'automotive_design',2009,#2819);
#2819=APPLICATION_CONTEXT(
'Core Data for Automotive Mechanical Design Process');
#2820=PRODUCT_CONTEXT('part definition',#2819,'mechanical');
#2821=PRODUCT('BottomDMXEasy','BottomDMXEasy v2',$,(#2820));
#2822=PRESENTATION_STYLE_ASSIGNMENT((#2823));
#2823=SURFACE_STYLE_USAGE(.BOTH.,#2824);
#2824=SURFACE_SIDE_STYLE('',(#2825));
#2825=SURFACE_STYLE_FILL_AREA(#2826);
#2826=FILL_AREA_STYLE('Acier - Satin\X\E9',(#2827));
#2827=FILL_AREA_STYLE_COLOUR('Acier - Satin\X\E9',#2828);
#2828=COLOUR_RGB('Acier - Satin\X\E9',0.627450980392157,0.627450980392157,
0.627450980392157);
ENDSEC;
END-ISO-10303-21;
